"Path","SHA256"
"PUBLIC_UPLOAD_NOTICE.md","7E7E2334B1E8EB81A1D155B56EAF432A8A4BC12ADC1F233735E3696C10A60689"
"00_READ_FIRST\CODEX_FINAL_SUMMARY.txt","DEB323471603E1CD073E16CAB10C534437630A21D71EAA1932F739ACF5BBC1DF"
"00_READ_FIRST\GPT_FIRST_REVIEW_SUMMARY.md","CCFBB9E32E4AFE40F34748A6C268BF9BFA389AF606803ED81B8A8BD46DD37F0E"
"00_READ_FIRST\PACKAGE_MASTER_INDEX.csv","958BFAA6A5001DF2FD5BE5C8C8394FD19FC0D54BD3FD72ECE7DCF8F8BD6B0D9D"
"00_READ_FIRST\README_FOR_GPT.md","7554F92A6469AB160ACC3A357FE47E3EC14E45103C3AB077D5F27F12A601EA23"
"01_FIGURE_CANDIDATE_DATA\Fig01_candidate_data\coverage_by_granularity.csv","75FCD6711B33F5BE9E891F8E06E95CD8F8F469760AE98B6A5D3D94007F787148"
"01_FIGURE_CANDIDATE_DATA\Fig01_candidate_data\data_inventory.csv","3F78B15851A7ADF300D450B6928088F3501FB16FE691D0B6B6C268FEC65C92A0"
"01_FIGURE_CANDIDATE_DATA\Fig01_candidate_data\Fig01_data_dictionary.csv","931A41722FB605BBD425EC7BC6374D7F2EFC66827E79118CE6C7A700047742D3"
"01_FIGURE_CANDIDATE_DATA\Fig01_candidate_data\Fig01_file_inventory.csv","77340E3337AA224093E7671F1D1EDF54AF25F27702CA63B42396F1C712011798"
"01_FIGURE_CANDIDATE_DATA\Fig01_candidate_data\Fig01_readiness_notes.md","F5EF5B5270A965C182B8F03D6E8B36E768BE99932333C140A2890E64CDEFEA6B"
"01_FIGURE_CANDIDATE_DATA\Fig01_candidate_data\Fig01_workflow_data.csv","8BE65D1D3F2405E1434C48D004A8D3E906E2C0BC2492B677B8FD53B5AD36F77A"
"01_FIGURE_CANDIDATE_DATA\Fig01_candidate_data\train_val_test_split_summary.csv","F9DBF5E106B5D3585137A44F75A8883D94B2FBE1408EEE439F7DF2DB79DBAE3B"
"01_FIGURE_CANDIDATE_DATA\Fig02_candidate_data\Fig02_data_dictionary.csv","4A6D490ADBA8147DDA820D0130B5D01EBFA8AB0ED515FF41DCB8C8DCDAC71583"
"01_FIGURE_CANDIDATE_DATA\Fig02_candidate_data\Fig02_file_inventory.csv","04D5F22462D7013DC2AD19B7343A5714280F446C942E4162C340F3865FFB80D6"
"01_FIGURE_CANDIDATE_DATA\Fig02_candidate_data\Fig02_readiness_notes.md","3DD63DA240CE8F1F1C8C36F029DC9AC4F37FCB3F91F92469EB454E2F2F74DEE7"
"01_FIGURE_CANDIDATE_DATA\Fig02_candidate_data\Figure2_strong_baseline_mean_std.csv","F2F3B0F70811556AEBFD1CBF0C7332184F5FBEFBF6DF7B43DBF962065BEE647F"
"01_FIGURE_CANDIDATE_DATA\Fig02_candidate_data\phase13_strong_baseline_metrics.csv","FE0ED0CEF3A4D373BC755CBA62FA167CA38203115881D248C98A0FA3561D2FFE"
"01_FIGURE_CANDIDATE_DATA\Fig02_candidate_data\phase14_final_mean_std_summary.csv","0ACBD7867304A5D1C31CD6DCEBB86A3736A97512CCD46490A131A1AF9B51510B"
"01_FIGURE_CANDIDATE_DATA\Fig02_candidate_data\phase14_main_model_statistical_tests.csv","C1BCB6F83081C1C072F19523C90CC5532E1B844D2D0C7F82F0AFD3BC5BA513A3"
"01_FIGURE_CANDIDATE_DATA\Fig03_candidate_data\Fig03_data_dictionary.csv","269B3449413BFEEF73012EF7AC31E1D920846E91B58BBAF1B3ED20807B878C2E"
"01_FIGURE_CANDIDATE_DATA\Fig03_candidate_data\Fig03_file_inventory.csv","8CA77867E54946E33425BB031F3D077C72DB1E5EFD7DDFBBFCFA4ED35EAE69AC"
"01_FIGURE_CANDIDATE_DATA\Fig03_candidate_data\Fig03_readiness_notes.md","05FF28B5A787D21A6F19FCAD70C5F441E7DBB4832005D3798B7D17722CCC47CA"
"01_FIGURE_CANDIDATE_DATA\Fig03_candidate_data\Figure3_seed_stability_source.csv","85AD24FE58B842630BF492C3F738A4F32790D52B6B78402FF4C7C6A971FB636B"
"01_FIGURE_CANDIDATE_DATA\Fig03_candidate_data\phase13_strong_baseline_metrics.csv","FE0ED0CEF3A4D373BC755CBA62FA167CA38203115881D248C98A0FA3561D2FFE"
"01_FIGURE_CANDIDATE_DATA\Fig03_candidate_data\phase14_final_mean_std_summary.csv","0ACBD7867304A5D1C31CD6DCEBB86A3736A97512CCD46490A131A1AF9B51510B"
"01_FIGURE_CANDIDATE_DATA\Fig03_candidate_data\phase14_main_model_statistical_tests.csv","C1BCB6F83081C1C072F19523C90CC5532E1B844D2D0C7F82F0AFD3BC5BA513A3"
"01_FIGURE_CANDIDATE_DATA\Fig04_candidate_data\Fig04_data_dictionary.csv","4A450A5FAC6E06A935D184DDEC3463735925FA2A1B081F82E5ECF0969126E209"
"01_FIGURE_CANDIDATE_DATA\Fig04_candidate_data\Fig04_file_inventory.csv","182810AD6DF82D09EDE445F3A997C15BFB1D6D5138FD3E15BA3A8F08ACFA667B"
"01_FIGURE_CANDIDATE_DATA\Fig04_candidate_data\Fig04_readiness_notes.md","EE3F5468285AFF7647620A32DC856CFF36300F19704122B757504C57C0A8101F"
"01_FIGURE_CANDIDATE_DATA\Fig04_candidate_data\Figure4_feature_ablation_mean_std.csv","E004214BD232C7B3DA3AA70C624DC1DC194577849AFB301697F7B10B7501F4A1"
"01_FIGURE_CANDIDATE_DATA\Fig04_candidate_data\phase14_feature_ablation_statistical_tests.csv","298C455135DCF5155707740D0657A258D48AFDA77FEE131A6227ABEDF4D1DDAF"
"01_FIGURE_CANDIDATE_DATA\Fig04_candidate_data\phase15_feature_ablation_metrics.csv","EF8395B6BB37B52400ADA12C2BAA11FF4B9957C29F66432C68917B5DD3FFAC9F"
"01_FIGURE_CANDIDATE_DATA\Fig05_candidate_data\Fig05_data_dictionary.csv","0AFB1173A6249E98A1D8C2B868FB18889DF74D4C2B21BE69EEAE27F123739B3B"
"01_FIGURE_CANDIDATE_DATA\Fig05_candidate_data\Fig05_file_inventory.csv","D0AA5F4516F311AC3DAF317347B8580AEF0FAC11B3FA0EF9021CCF34C8777B4B"
"01_FIGURE_CANDIDATE_DATA\Fig05_candidate_data\Fig05_readiness_notes.md","A2BCBF8576995CF6E269EB3C05B92D96203F18ECB2C17C03F87DDDD642F67332"
"01_FIGURE_CANDIDATE_DATA\Fig05_candidate_data\Fig05_stratified_error.csv","D43F9EC838434F6E21D3932C95D53F55CF13E3215BFC9F369255033D69A1A6F7"
"01_FIGURE_CANDIDATE_DATA\Fig05_candidate_data\phase14_stratified_statistical_tests.csv","9AB89DF5B92D5FE81715DD65312B7BA85500222E92D58B13FD81F9F91A40432F"
"01_FIGURE_CANDIDATE_DATA\Fig05_candidate_data\phase17_combined_stratified_summary.csv","A1C74CEF2508B47545936CAD38AB2D5F3504B2A459399A0FCD5D0DEB055FD24A"
"01_FIGURE_CANDIDATE_DATA\Fig06_candidate_data\Fig06_data_dictionary.csv","431FBBDF79442C4E7936E4E2C51C7D4CB24B246A7B2BA6FFC580FCB4EC51C078"
"01_FIGURE_CANDIDATE_DATA\Fig06_candidate_data\Fig06_error_heterogeneity_summary.csv","12538FDAFBA601BEF4C8D86B8CF5FC4184E1491CFCC7DBC4B040712DB3EC4C83"
"01_FIGURE_CANDIDATE_DATA\Fig06_candidate_data\Fig06_file_inventory.csv","5404EEA13748DAF4470D3505C43F8DC56D77EDA8FFC3CB17D7371EDBAA6195F6"
"01_FIGURE_CANDIDATE_DATA\Fig06_candidate_data\Fig06_readiness_notes.md","AFE1D557AD039CBA0395041BFD15F00CBE63D8B4665F06B01B97F3CA34DF4E43"
"01_FIGURE_CANDIDATE_DATA\Fig06_candidate_data\final_stratified_interpretation.csv","12538FDAFBA601BEF4C8D86B8CF5FC4184E1491CFCC7DBC4B040712DB3EC4C83"
"01_FIGURE_CANDIDATE_DATA\Fig06_candidate_data\phase17_combined_stratified_summary.csv","A1C74CEF2508B47545936CAD38AB2D5F3504B2A459399A0FCD5D0DEB055FD24A"
"01_FIGURE_CANDIDATE_DATA\Fig07_candidate_data\Fig07_data_dictionary.csv","E215E3FA09A506934F7080B92A866D2B601C58229DBF4231CC8D560B0D15CBFE"
"01_FIGURE_CANDIDATE_DATA\Fig07_candidate_data\Fig07_file_inventory.csv","986494E9E5CA2CF969CCE46CA5650F6E58AD9CF56D49EC7302DDB338B7600B59"
"01_FIGURE_CANDIDATE_DATA\Fig07_candidate_data\Fig07_readiness_notes.md","59BAF5150CD0585DC59EE0E7DC3A3CF4433F421B1CDFB4C3574EE5447D7CD5AE"
"01_FIGURE_CANDIDATE_DATA\Fig07_candidate_data\phase14_robustness_statistical_tests.csv","15E62D03FFF1C2FB932B00C775FC1EBBF75A1E4BA4AAEB4F7F98A8547572F25A"
"01_FIGURE_CANDIDATE_DATA\Fig07_candidate_data\phase16_degradation_summary.csv","5A8CBFF51120ADE01BC3997E66B5F0EF64EAB688EC2F6A9DB0FC69F3D923E0BD"
"01_FIGURE_CANDIDATE_DATA\Fig07_candidate_data\phase16_missingness_stress.csv","7210100C45DE8EFDA279A83583743EB2DBAEE19D75460D2559529444EB47EDDB"
"01_FIGURE_CANDIDATE_DATA\Fig07_candidate_data\phase16_noise_stress.csv","C55E9895023EA6AA9BB94C6B16C880FABE68A246C1024C8A677E99BC1BEA0FD9"
"01_FIGURE_CANDIDATE_DATA\Fig07_candidate_data\phase16_small_sample_training.csv","69E8D515A0DEB676060205ADA1AC6FA1A3E82F4A60223AD8649DE010CDD73C77"
"02_TABLE_CANDIDATE_DATA\Table01_candidate_data\coverage_by_granularity.csv","75FCD6711B33F5BE9E891F8E06E95CD8F8F469760AE98B6A5D3D94007F787148"
"02_TABLE_CANDIDATE_DATA\Table01_candidate_data\data_inventory.csv","3F78B15851A7ADF300D450B6928088F3501FB16FE691D0B6B6C268FEC65C92A0"
"02_TABLE_CANDIDATE_DATA\Table01_candidate_data\phase13_strong_baseline_metrics.csv","FE0ED0CEF3A4D373BC755CBA62FA167CA38203115881D248C98A0FA3561D2FFE"
"02_TABLE_CANDIDATE_DATA\Table01_candidate_data\Table01_data_dictionary.csv","D0BF447D60B630FF9201BBECACF4E960FC63A212A40F196822ED14D19A765A65"
"02_TABLE_CANDIDATE_DATA\Table01_candidate_data\Table01_file_inventory.csv","1E366275D7293851E278CAB64470CB8724748247E1ACCFD97AD7D17AD152762F"
"02_TABLE_CANDIDATE_DATA\Table01_candidate_data\Table01_readiness_notes.md","1F041E781DEFB2CC977017ADDD9BC4087E18BAB0CAE6BC9823E26F150559068C"
"02_TABLE_CANDIDATE_DATA\Table01_candidate_data\train_val_test_split_summary.csv","F9DBF5E106B5D3585137A44F75A8883D94B2FBE1408EEE439F7DF2DB79DBAE3B"
"02_TABLE_CANDIDATE_DATA\Table02_candidate_data\Table02_data_dictionary.csv","517D379EDF7376D3944DE21EC513EAB1DA50E256CF405090991FCD9ACD8E8E22"
"02_TABLE_CANDIDATE_DATA\Table02_candidate_data\Table02_file_inventory.csv","D916CA2A2146CB43FBD1F1BF7034D52051BCE3C2D5676E925477CAFD4B613F7A"
"02_TABLE_CANDIDATE_DATA\Table02_candidate_data\Table02_model_settings.csv","66A2579D45999F28D8555869775C4C01EB3E031F170A99422201DDB6E4476641"
"02_TABLE_CANDIDATE_DATA\Table02_candidate_data\Table02_readiness_notes.md","51EB37DA583D8627BF44E82090F2813905A443B6496787CD7F5A2E037C2D31E4"
"02_TABLE_CANDIDATE_DATA\Table03_candidate_data\phase13_strong_baseline_metrics.csv","FE0ED0CEF3A4D373BC755CBA62FA167CA38203115881D248C98A0FA3561D2FFE"
"02_TABLE_CANDIDATE_DATA\Table03_candidate_data\phase14_final_mean_std_summary.csv","0ACBD7867304A5D1C31CD6DCEBB86A3736A97512CCD46490A131A1AF9B51510B"
"02_TABLE_CANDIDATE_DATA\Table03_candidate_data\phase14_main_model_statistical_tests.csv","C1BCB6F83081C1C072F19523C90CC5532E1B844D2D0C7F82F0AFD3BC5BA513A3"
"02_TABLE_CANDIDATE_DATA\Table03_candidate_data\Table03_data_dictionary.csv","FC07A41002347BE63745F822EA7DA20CE2D1826347D46BA628A9E55DFBF30CEE"
"02_TABLE_CANDIDATE_DATA\Table03_candidate_data\Table03_file_inventory.csv","285EAD22E6DB8355363D7EEC8D76B1902EE7A584A284A0621DCDA576F20E6984"
"02_TABLE_CANDIDATE_DATA\Table03_candidate_data\Table03_readiness_notes.md","0C879CC48F7141AC5939E1F22F296B74578CE78EA23D60FA9B2BC490B4266D4E"
"02_TABLE_CANDIDATE_DATA\Table04_candidate_data\phase15_feature_ablation_metrics.csv","EF8395B6BB37B52400ADA12C2BAA11FF4B9957C29F66432C68917B5DD3FFAC9F"
"02_TABLE_CANDIDATE_DATA\Table04_candidate_data\phase16_degradation_summary.csv","5A8CBFF51120ADE01BC3997E66B5F0EF64EAB688EC2F6A9DB0FC69F3D923E0BD"
"02_TABLE_CANDIDATE_DATA\Table04_candidate_data\phase17_combined_stratified_summary.csv","A1C74CEF2508B47545936CAD38AB2D5F3504B2A459399A0FCD5D0DEB055FD24A"
"02_TABLE_CANDIDATE_DATA\Table04_candidate_data\Table04_ablation_robustness_stratified_summary.csv","D06972FD0444ECB1451B6674F6742F3298493012688B06E732EDFA3A811F8615"
"02_TABLE_CANDIDATE_DATA\Table04_candidate_data\Table04_data_dictionary.csv","D38DF39F090AE5FFB465D16624C9DA4D67552BFF9076528ED8392C8C344039C2"
"02_TABLE_CANDIDATE_DATA\Table04_candidate_data\Table04_file_inventory.csv","CA8C6FB2318BF2348A393999AB56C6BF1CBF430BF4FBDA77041EDDB14CAAA3FC"
"02_TABLE_CANDIDATE_DATA\Table04_candidate_data\Table04_readiness_notes.md","13CD0924382E0594D23994E202E08EC4EE259AA61D3A71244C9E1FF38651DA07"
"03_PHASE13_MAIN_RESULTS\phase13A_full_validation_report.md","A646B3B1A02BDA64554C0AA10E8BD40EE6C8C1C0EB8F9D0D928344AACD58DADA"
"03_PHASE13_MAIN_RESULTS\phase13_all_metrics_combined.csv","99E4ADFA20294B45A06517200D0EFD4B12621975DB5C9DA55526D0F622FF8CCF"
"03_PHASE13_MAIN_RESULTS\phase13_metric_inventory.csv","94D661D80ACBE7929C6F3A75DA3DD3514D2DC1955EDE75D343FA3FA2A45C2A5D"
"03_PHASE13_MAIN_RESULTS\phase13_metric_parquet_recompute_check.csv","FD96E0F18A9371253EC03B6CDF23B75A15923213F6CE0EC60CEF96FE238EA2D0"
"03_PHASE13_MAIN_RESULTS\phase13_metric_summary_by_model_horizon.csv","3FEA5B9AF26E20355DCF78608BB0FCC62345D39E9FC8BF408A0DFB259E6854BE"
"03_PHASE13_MAIN_RESULTS\phase13_model_horizon_seed_matrix.csv","676DC6C7C63E344D41E9BFBE8FE29093C9558FE806AE717A0F1DD84C6D082C86"
"03_PHASE13_MAIN_RESULTS\phase13_parquet_inventory.csv","DBB2C13CF1091F9D37E21F490AF4AE277A9C2604DA6471F9927993EE702DBE7C"
"03_PHASE13_MAIN_RESULTS\phase13_readiness_report.md","BB5B7E30F18F2875B486921780B862325F3C8693A7646B1FE9A439B01FD94CA8"
"03_PHASE13_MAIN_RESULTS\phase13_sample_id_consistency_check.csv","F4BEE91E4CA6174172CD16635831EC625DAFEFFA20E90E6DDDC1772625AEB104"
"03_PHASE13_MAIN_RESULTS\phase13_seed_completeness_check.csv","A1FC9F9629D2F7D8FB4AF1D59CCC01B3AF3FC519281B68F12E9B638BDFC9AD06"
"03_PHASE13_MAIN_RESULTS\phase13_strong_baseline_metrics.csv","FE0ED0CEF3A4D373BC755CBA62FA167CA38203115881D248C98A0FA3561D2FFE"
"03_PHASE13_MAIN_RESULTS\logs\phase13_strong_baselines_full.log","E76EEF3632173C33387DD3293987E87349D2B3A2544453C81706D20B9A462A8C"
"03_PHASE13_MAIN_RESULTS\logs\phase13_strong_baselines_full_console.log","C5B3327DC8F0757DF934A35BFE4CAA28ADD516157A50813F901E675484E07153"
"03_PHASE13_MAIN_RESULTS\logs\phase13_strong_baselines_smoke.log","B6E6528CD07A4CEE4C77B7EFC43A0A67A1F850D31C02B910EABEA8EDDCBF470C"
"03_PHASE13_MAIN_RESULTS\logs\phase13_strong_baselines_smoke_console.log","993044D647EA7016F3614BDEF22DF85AFE91C650A572A33A1279C0C05804E291"
"04_PHASE15_ABLATION_RESULTS\phase15_ablation_summary.csv","F7835E1125B68D56DBEBCAD2FCE84CA695E982E812190674DD0396E64EFE2720"
"04_PHASE15_ABLATION_RESULTS\phase15_all_metrics_combined.csv","BD3C3B67A71A19382561418AACDC8983DC2B3083EA1C63F73D892240F4C5159C"
"04_PHASE15_ABLATION_RESULTS\phase15_feature_ablation_metrics.csv","EF8395B6BB37B52400ADA12C2BAA11FF4B9957C29F66432C68917B5DD3FFAC9F"
"04_PHASE15_ABLATION_RESULTS\phase15_metric_inventory.csv","DA73201C82ECA2AEFACCE763E6F286AB93263D5591F38286A3DD0C41BDC8CD04"
"04_PHASE15_ABLATION_RESULTS\phase15_readiness_report.md","312DA9CFD501B8428078146C2A74BDB63906C1DF9BB138CF73B4DBF4EAA80C43"
"04_PHASE15_ABLATION_RESULTS\phase15_sample_id_consistency_check.csv","9BA9B5F6EF4F07D66BE2470451D2348E3560A13D23CD8F87C3CFC25D15715BE5"
"04_PHASE15_ABLATION_RESULTS\phase15_seed_completeness_check.csv","D369C26951C4EEDFCE0090AB1EAB14A80F0FF2F9955BD19805ABD137C182134D"
"04_PHASE15_ABLATION_RESULTS\phase15_speed_only_reference_check.csv","AAA639EC4FAC8D6A48A2088996ECB50F9D5AE8810BABB27B9B89DBC719ED018A"
"04_PHASE15_ABLATION_RESULTS\phase15_validation_report.md","FDA74592AAAAB7732EC48B97FF205866D225A45BAB9170566929056D419A413F"
"04_PHASE15_ABLATION_RESULTS\logs\phase15_feature_ablation_full.log","179EA118DDA16AF54706DB6FE5B18BB2D1D5C210571D89BFFC83E8DBCB51CA63"
"04_PHASE15_ABLATION_RESULTS\logs\phase15_feature_ablation_full_console.log","81CCA763840AF793C8E50417279F7B79D6482EAFF38F4818C834F6162B7F2084"
"04_PHASE15_ABLATION_RESULTS\logs\phase15_feature_ablation_smoke.log","4A9C2AFAB33958B8AC692BE7F2C3A1C6A5F70FD569FFB7C9CCB1982780DE1980"
"04_PHASE15_ABLATION_RESULTS\logs\phase15_feature_ablation_smoke_console.log","A653191FAA3EB266EC74BD86AF286177A71102E80EB1B5D3D8E37F816F64A2B1"
"05_PHASE16_ROBUSTNESS_RESULTS\phase16_degradation_summary.csv","5A8CBFF51120ADE01BC3997E66B5F0EF64EAB688EC2F6A9DB0FC69F3D923E0BD"
"05_PHASE16_ROBUSTNESS_RESULTS\phase16_missingness_metrics_combined.csv","31F410F824600C99F0737FCC40382A33C23F18CD586B7B2B574A298AB3262459"
"05_PHASE16_ROBUSTNESS_RESULTS\phase16_missingness_stress.csv","7210100C45DE8EFDA279A83583743EB2DBAEE19D75460D2559529444EB47EDDB"
"05_PHASE16_ROBUSTNESS_RESULTS\phase16_missingness_summary.csv","089D6E6B4D975F18184D32C52C08AD1367BA29070B6484F67B38A9714B70E96A"
"05_PHASE16_ROBUSTNESS_RESULTS\phase16_noise_metrics_combined.csv","0C40CB0682E708665DEE72B5625771189664CAAE48090A0699B7F1873A955157"
"05_PHASE16_ROBUSTNESS_RESULTS\phase16_noise_stress.csv","C55E9895023EA6AA9BB94C6B16C880FABE68A246C1024C8A677E99BC1BEA0FD9"
"05_PHASE16_ROBUSTNESS_RESULTS\phase16_noise_summary.csv","05BAD798C652F2C54B8B89A8A9E56504E868F66232821282ECAF1B67F5427491"
"05_PHASE16_ROBUSTNESS_RESULTS\phase16_readiness_report.md","79BC8DB1D5F1EED35DCE330B616F598B64A16F8F68A5A144B8E30422ABF4836B"
"05_PHASE16_ROBUSTNESS_RESULTS\phase16_reference_checks.csv","ED81E63811EA51787A93B9D984DCA6B7B607829796A0606D2B9551AC98D3AC32"
"05_PHASE16_ROBUSTNESS_RESULTS\phase16_seed_completeness_check.csv","7A79264F93BA350FCE21EB7CF38DE26DF9C83EFC39586B6BC8B30E55E1F8924D"
"05_PHASE16_ROBUSTNESS_RESULTS\phase16_small_sample_metrics_combined.csv","2D9B93C1CCD452CBB0EAD97822A4196E41B598DA8972767EEAAD17FDD00A35D5"
"05_PHASE16_ROBUSTNESS_RESULTS\phase16_small_sample_summary.csv","2AB90CCDB35E8EF0A0F8A3CC622528EACE2059A960287A107E5DC6BF9B50823A"
"05_PHASE16_ROBUSTNESS_RESULTS\phase16_small_sample_training.csv","69E8D515A0DEB676060205ADA1AC6FA1A3E82F4A60223AD8649DE010CDD73C77"
"05_PHASE16_ROBUSTNESS_RESULTS\phase16_validation_report.md","40A1970126A8680885ED57AC719ADE38FD95E4556A3E40C15FD7D58FC2A82BF8"
"05_PHASE16_ROBUSTNESS_RESULTS\logs\phase16_robustness_full.log","87794BF88CF4F7FCD9801EBFCF8150562AAA01BA26D2CE6F4934CAFC4021689B"
"05_PHASE16_ROBUSTNESS_RESULTS\logs\phase16_robustness_full_console.log","061BCD8215AAC21146B6E379505DBF06B6EB39921E46C75CEA4CDB55E18675C0"
"05_PHASE16_ROBUSTNESS_RESULTS\logs\phase16_robustness_smoke.log","46181FC67AD85311E02C3C887D48AC6180D831B6062EA55A966D45E2477E86DC"
"05_PHASE16_ROBUSTNESS_RESULTS\logs\phase16_robustness_smoke_console.log","7753BDD44E1181D9E2F90024AB39CF4AC9C848612C33A73E5BE38ADD57C8A120"
"06_PHASE20_FULL_RESULTS\FigS1_metr_la_mini_sanity.csv","E3C25B701187D0C278256C11D2116E5690F13D8E53A4D68760C895E01B980BEE"
"06_PHASE20_FULL_RESULTS\phase20_all_metrics_combined.csv","6459A61B4CB6293FAD09D38E09B4FF0B0CA6337D3946D691D354360F184B68E7"
"06_PHASE20_FULL_RESULTS\phase20_metric_inventory.csv","C8BB2853DE77B9D605228178DA5221FCEBA5A5DF33FD5202A46E7E4A86768A73"
"06_PHASE20_FULL_RESULTS\phase20_metric_summary_by_model_horizon.csv","95FB12D8C1FACFF45199ABA8C4F422D523F6D14B3A7BA021DC3F11B98B095011"
"06_PHASE20_FULL_RESULTS\phase20_metr_la_mini_sanity_report.md","B7409F54B12CF59A17551584B8BB6102A79EA72248D320A33A52A0CA0FDA0BCF"
"06_PHASE20_FULL_RESULTS\phase20_metr_la_mini_validation_report.md","CBF64D4659DD23D1AE33C897C11320B014B3E81FFFA060300E7878E82CAB6430"
"06_PHASE20_FULL_RESULTS\phase20_model_horizon_seed_matrix.csv","88DC849655C8F70ED7F96BB70A1D24C64AAF0B2D3271DACC06790D729F811A54"
"06_PHASE20_FULL_RESULTS\phase20_prediction_inventory.csv","D9C4F8F31B5787301EB775A6B6EB36F8162175708E404B05178814A887546792"
"06_PHASE20_FULL_RESULTS\phase20_readiness_report.md","9A21E954A69A752FDB878C94FCDDEBE8C1F79849DACFFD82BEAE0FC3CAEB3199"
"06_PHASE20_FULL_RESULTS\phase20_seed_completeness_check.csv","554C4FE827D8D5933B73B27CB75874210E8273CC1A271565C997E6639E9F068D"
"06_PHASE20_FULL_RESULTS\TableS1_metr_la_mini_results.csv","0266FA9E7846AC41A099C983CAB96998109D77F92697050A8D3A5005DFB7EC35"
"06_PHASE20_FULL_RESULTS\logs\phase20_metr_la_mini_sanity_full.log","3D25DCF1EAAE27B6BBBBDD55BEFEBFFFFEAE4BEE383F95A86099212E3641B0FF"
"06_PHASE20_FULL_RESULTS\logs\phase20_metr_la_mini_sanity_smoke.log","B93DC1235AD2E8DB5C98486A7151C0EAF91CB156F96AE49EB7AC433482C71DBA"
"07_PREDICTION_PARQUETS\all_prediction_parquet_inventory.csv","A2919E7761B63E2CD9A48A0877287056B77F975411E091C87B4C06B76CEC4F4B"
"07_PREDICTION_PARQUETS\parquet_metric_recompute_check.csv","1A9801AA8D9A97E6FD18725AEDC7A84F4D77D481DC7A52ECE6F6D50C198DF65F"
"07_PREDICTION_PARQUETS\parquet_readability_check.csv","1962DA28846A045C25B9C6CF8874995832E3627760FC836F455054ADBBE72A1E"
"07_PREDICTION_PARQUETS\parquet_sample_id_consistency_check.csv","E0AEDF7F1AB4568B61EAE221466A713EBCF47BE9E24B9048D1B829CDAB9C6FB3"
"07_PREDICTION_PARQUETS\parquet_schema_summary.csv","A35A31B79E0E2A1D99F1F04A53FD82C22567AB60C5035253BEC35ABC1468BFD1"
"07_PREDICTION_PARQUETS\parquet_usage_notes.md","30B0265B3486FC2C99FBABFFC081193571E12550E60D5E519A93E47BE8135586"
"07_PREDICTION_PARQUETS\phase13\GRU_h1_seed2024.parquet","39BED638373695245EF1A6C7FC8A221073A0764702BDD0EAA48FE54C7CDB5480"
"07_PREDICTION_PARQUETS\phase13\GRU_h1_seed2025.parquet","E94FE5272E39612868E47D8196A5F1CC84B10D37168932C2D18679CA9541E856"
"07_PREDICTION_PARQUETS\phase13\GRU_h1_seed2026.parquet","5ED18B2C7F2876F966A2B6E7658AF03FA9D4E25969E78325FDC3E9EF9C042EFA"
"07_PREDICTION_PARQUETS\phase13\GRU_h1_seed3407.parquet","D7313C5A8860F8C764FB55903A7578D2B6298F6897DCA4055118DAE2B3BDFE4F"
"07_PREDICTION_PARQUETS\phase13\GRU_h1_seed42.parquet","119FFA292EC9F74CCC117CB0B993999AB587629050E876F943271DCE8BFC5E9D"
"07_PREDICTION_PARQUETS\phase13\GRU_h3_seed2024.parquet","657315CBB35D813F8F481A926897BDAA16B5FC2F8391932DAB666D6FA6A158EE"
"07_PREDICTION_PARQUETS\phase13\GRU_h3_seed2025.parquet","BFDA4A78FC68ED26A719A4F0C567493E17C496A5111220830BBB3F7D04AB3671"
"07_PREDICTION_PARQUETS\phase13\GRU_h3_seed2026.parquet","FB6696D3D1A9FD7CDFA07534DE37C7966A6D27D2F96F1B8A2250E9143F62CDE8"
"07_PREDICTION_PARQUETS\phase13\GRU_h3_seed3407.parquet","D2F08CD6A5634B517AC623B9ACE5A727B5AB743C2143DD81B3049DD599CB295E"
"07_PREDICTION_PARQUETS\phase13\GRU_h3_seed42.parquet","C0B0FD44419E1936655AB235E8BDA4C78921FDA06F05D507C767552737EF04D9"
"07_PREDICTION_PARQUETS\phase13\GRU_h6_seed2024.parquet","A919F24139E583397000443A641FBD0CFF78A0845E1F0D36BD9E84D1B2EAE433"
"07_PREDICTION_PARQUETS\phase13\GRU_h6_seed2025.parquet","89AD73F6B54CBD42519E732CAD422FC51FC7F8C4F285A724D052A6B77CEF0B2D"
"07_PREDICTION_PARQUETS\phase13\GRU_h6_seed2026.parquet","5DD0BEC3C3C7BDBE8CE4A904AEC38CE44FDD08585A0E881F7F475C974953BC95"
"07_PREDICTION_PARQUETS\phase13\GRU_h6_seed3407.parquet","1CA476684CA02CBDDC7A9099C93B7CCED6196EDF263E6AC46F318F1075093CAD"
"07_PREDICTION_PARQUETS\phase13\GRU_h6_seed42.parquet","C59B4FE1233EC78B8F1F21B3D72432EAECF3B867EDD33E3BD69D81DB68282161"
"07_PREDICTION_PARQUETS\phase13\HA_h1_seed2024.parquet","12737D9BD4E673D046766834E6B1E45F5568F0961D5DA866BA85EEBFEB113DB6"
"07_PREDICTION_PARQUETS\phase13\HA_h1_seed2025.parquet","CE8A75CAD5F6040D29DF904D3C421836D4295AF595CAA001F7B118FD1DD789F7"
"07_PREDICTION_PARQUETS\phase13\HA_h1_seed2026.parquet","21111B0661F4BA8311D08C9483611AE55F8C5D7E32C2135EF113E094DA568F85"
"07_PREDICTION_PARQUETS\phase13\HA_h1_seed3407.parquet","CB10F6EA2477CB4B658043FBA0914F1BEBE18A4E299C073C77752E9D4A243FD3"
"07_PREDICTION_PARQUETS\phase13\HA_h1_seed42.parquet","9DDF219588A9B5F9BEC8468616900D68B9F7D0516A9A073A8BBE2E5365361577"
"07_PREDICTION_PARQUETS\phase13\HA_h3_seed2024.parquet","FA17C1C09FF73816C8D255C201873CF326E0BEA1C9784A77208901C37F76AF63"
"07_PREDICTION_PARQUETS\phase13\HA_h3_seed2025.parquet","1859180CE8E8036111CB928A51F93AA865D727706D1AE20ECECD208C1382CD90"
"07_PREDICTION_PARQUETS\phase13\HA_h3_seed2026.parquet","19A372CF94AD8F8DEBCA6D98D668FE030B241E66F26DF24BED24E71C7B033F2F"
"07_PREDICTION_PARQUETS\phase13\HA_h3_seed3407.parquet","8B68A30DCB3814D71054C2F8463EB01CFA5E80495F39547DFABD67443996CC6B"
"07_PREDICTION_PARQUETS\phase13\HA_h3_seed42.parquet","AEBE35DA2C7F9BC3122128261D57C2725D124C4871ABC7F2863D4A73ABA39865"
"07_PREDICTION_PARQUETS\phase13\HA_h6_seed2024.parquet","2DEEBDF8F028C60A30A960205F2E80A5E1F0E7B9EF0C61ABACAC928136D4E8B9"
"07_PREDICTION_PARQUETS\phase13\HA_h6_seed2025.parquet","425C2EBEF658715EC5B28A6B01D898342217BD6FC5C88CE56329DE2B5146E061"
"07_PREDICTION_PARQUETS\phase13\HA_h6_seed2026.parquet","E00E9EE40B3D3CB2B5F7555F4703C01B5F1A5DEAA5B9B957F33A04C26E054D75"
"07_PREDICTION_PARQUETS\phase13\HA_h6_seed3407.parquet","0DB261FD2BDED56B127CCB00159F975E25549000A6A89B9BDA66280021DD147F"
"07_PREDICTION_PARQUETS\phase13\HA_h6_seed42.parquet","92F1FE7AFFE8A33D9B5275F1E1C6B15D9A521C98B52FB4552E6A6D9AA93ADD80"
"07_PREDICTION_PARQUETS\phase13\Persistence_h1_seed2024.parquet","06B47ADD85B8D818719EAD999C10B07230EEBFC499876C023ED7C40C0AA6EFFF"
"07_PREDICTION_PARQUETS\phase13\Persistence_h1_seed2025.parquet","AFEC8E152A5B6ADD62A2445F6497146DCFFE3B8E868A9ECCE7AB2849293CFA76"
"07_PREDICTION_PARQUETS\phase13\Persistence_h1_seed2026.parquet","466A59F67EFA3196AE6E4F826B3F412E363C45A5081A74AC8B35270FD119FF5F"
"07_PREDICTION_PARQUETS\phase13\Persistence_h1_seed3407.parquet","F65640EE46184F911292F6743051CE46DCF2BA24A9A17A345C591711F4444266"
"07_PREDICTION_PARQUETS\phase13\Persistence_h1_seed42.parquet","6F10495CF02991A21B5DFD39392924C3EE9539AF659059DEEDA17DE53DA95FCD"
"07_PREDICTION_PARQUETS\phase13\Persistence_h3_seed2024.parquet","2C8DAD7DABCBFA71419EBD35CC16C4867C534021026DA8AB29226A33A96B3417"
"07_PREDICTION_PARQUETS\phase13\Persistence_h3_seed2025.parquet","ACB088F455210A6D9217681AEB0DD1142EB5A3583FC02D9A178EB535C9227053"
"07_PREDICTION_PARQUETS\phase13\Persistence_h3_seed2026.parquet","742BFC32E68A954F4DFAB106830B4846D4EF637CB71C4B8FC9AD93ADA2EB4BE7"
"07_PREDICTION_PARQUETS\phase13\Persistence_h3_seed3407.parquet","C6475733188248DA795CBDC7F6220F203D6F0496AF7DB704E8972EF8CE09D884"
"07_PREDICTION_PARQUETS\phase13\Persistence_h3_seed42.parquet","4676E3C54DE59C86723896348414A8D9F48F571EC5E4C9818BC19BED969E754F"
"07_PREDICTION_PARQUETS\phase13\Persistence_h6_seed2024.parquet","B68097801B49532FB052A335F9BC00CB4A739F66EA5946B1B40B07E85308D0D1"
"07_PREDICTION_PARQUETS\phase13\Persistence_h6_seed2025.parquet","AEEE5CD885D4848B9B2C8F6494A1609C1790029CC39835F4DBE85578B65EBECD"
"07_PREDICTION_PARQUETS\phase13\Persistence_h6_seed2026.parquet","D697153D28FDA81E062DB69D97E8E05AB4E03E9DB06D7B267495DDC8FC366A0E"
"07_PREDICTION_PARQUETS\phase13\Persistence_h6_seed3407.parquet","50B57E32870F38947DEB6C55949C5261407838FDAAD2110420141A3B27DEA1DC"
"07_PREDICTION_PARQUETS\phase13\Persistence_h6_seed42.parquet","D678792C9AA1FB6A0D8A2936D8644792117584BA984C59A04FAF51F8D6ED9F12"
"07_PREDICTION_PARQUETS\phase13\SeasonalHA_h1_seed2024.parquet","22E363F1CBC1B16AACE7C03F70949B7DF54C3E02D22C6C3A2A2A8A9C982BE15D"
"07_PREDICTION_PARQUETS\phase13\SeasonalHA_h1_seed2025.parquet","89CC17D383DCE84C1628C4623E380FA766C44DBFCD71021908E12D7137297352"
"07_PREDICTION_PARQUETS\phase13\SeasonalHA_h1_seed2026.parquet","AF68D7B89BC7755414773D889C9724E0F3C94913D87D5BB279E45CD2F8C3EF3D"
"07_PREDICTION_PARQUETS\phase13\SeasonalHA_h1_seed3407.parquet","B866E331CDF3F748DDC827322C0CA0F316D2F4AFD242C477E3BA829515A379BF"
"07_PREDICTION_PARQUETS\phase13\SeasonalHA_h1_seed42.parquet","1493C2C40FBC0F7471071A755923E6A933C81C8248DFE047E5C7BF5A08CE419F"
"07_PREDICTION_PARQUETS\phase13\SeasonalHA_h3_seed2024.parquet","C5D00ED95D51C61794ECB8F9D839A9292AF98B2E32039F515BE46AC0E2A146D7"
"07_PREDICTION_PARQUETS\phase13\SeasonalHA_h3_seed2025.parquet","FCAE2FCEC22E6B177B9531C9DAE0DE2A98093CF4D2AA1D7884773AE60559EBE7"
"07_PREDICTION_PARQUETS\phase13\SeasonalHA_h3_seed2026.parquet","9A05BE717A5F9FE4E370767C7C8320467535DF43589B5D713A3D012644EA9359"
"07_PREDICTION_PARQUETS\phase13\SeasonalHA_h3_seed3407.parquet","1B4AF14B7F4B84BCA65F30FCAA99E50C61DA6E95E674620C06A0ECA9D48DEDB7"
"07_PREDICTION_PARQUETS\phase13\SeasonalHA_h3_seed42.parquet","0165F10069DC3603956B5856E7A7A075BF2D376FECAD1273B38EA456B16E5233"
"07_PREDICTION_PARQUETS\phase13\SeasonalHA_h6_seed2024.parquet","80D444A592B870AD9844A3ADB9731622E0E06479CB2177673004455EB7CF23A2"
"07_PREDICTION_PARQUETS\phase13\SeasonalHA_h6_seed2025.parquet","999525C3CD1ABAAC39C640A44348FCD8B558FBF91420C43990EC98039AF284EB"
"07_PREDICTION_PARQUETS\phase13\SeasonalHA_h6_seed2026.parquet","1B11C28F5D62A715687F0D944856F25435C759DE9B200B5A3BABA1D4C943CBB5"
"07_PREDICTION_PARQUETS\phase13\SeasonalHA_h6_seed3407.parquet","C8939D259DBE192B0BBA8654CFF91246EAD544A6EB65C1CB80F67A04C9851063"
"07_PREDICTION_PARQUETS\phase13\SeasonalHA_h6_seed42.parquet","BE0D3705904597412FBDE3125A34F1F0AC653302E85D2CDF9DABC2E1AD48EB44"
"07_PREDICTION_PARQUETS\phase13\ST-Transformer-lite_h1_seed2024.parquet","9A833F59CB4BE67CAE9A7789BACAE0810909AD30EB2ECBBF13B548AEE99D5F2F"
"07_PREDICTION_PARQUETS\phase13\ST-Transformer-lite_h1_seed2025.parquet","2C5BCA348C351960F1A567F35ACD44212FC8FDA1361C3B06723971D874DF8114"
"07_PREDICTION_PARQUETS\phase13\ST-Transformer-lite_h1_seed2026.parquet","F5DD321BFF6095500086FCA46F51F2BF53DA4AC759B97A6F92215F62CD8A7D0C"
"07_PREDICTION_PARQUETS\phase13\ST-Transformer-lite_h1_seed3407.parquet","9781A9F12454B308B693D26D9A81DD220DA98DAF68D2FBC44431A45EB5C585ED"
"07_PREDICTION_PARQUETS\phase13\ST-Transformer-lite_h1_seed42.parquet","26E29953D8E8694521489C7E0B7F470803B72AB4E36189CCEE203ACAE29F1A5C"
"07_PREDICTION_PARQUETS\phase13\ST-Transformer-lite_h3_seed2024.parquet","B365ED273C7E411E5CB3825A225AB1874FDE048FEB797316FF11CB36AFA2ACC2"
"07_PREDICTION_PARQUETS\phase13\ST-Transformer-lite_h3_seed2025.parquet","D159BB56E87B01A307283916064E7AF2D8C54DB15DFBA621BA5A8041B807C065"
"07_PREDICTION_PARQUETS\phase13\ST-Transformer-lite_h3_seed2026.parquet","5C048321CA6F477A1B0D06F3B27E7DDF56692D0C715152A50406611451F51EA3"
"07_PREDICTION_PARQUETS\phase13\ST-Transformer-lite_h3_seed3407.parquet","CF6B40633F06899D062C9486B2B464AE332F3BFC84279F2154E036E50481E751"
"07_PREDICTION_PARQUETS\phase13\ST-Transformer-lite_h3_seed42.parquet","B6170E053C6A2578F3053540515AC044F81ED682CE412DA75AC7209C56AAEBA1"
"07_PREDICTION_PARQUETS\phase13\ST-Transformer-lite_h6_seed2024.parquet","023ABDC16B46236EBDE415845A537A615E3B787F251DC24467362746B8B0771E"
"07_PREDICTION_PARQUETS\phase13\ST-Transformer-lite_h6_seed2025.parquet","1535A9294E17EB0EDA038F66136D5C0A591B7351E7BFEFCEA62090A243B8F681"
"07_PREDICTION_PARQUETS\phase13\ST-Transformer-lite_h6_seed2026.parquet","9F8BE4C3D95939E51B914BC2E0ECFAA771925975C6D24642AFFCDDA5CC733E2F"
"07_PREDICTION_PARQUETS\phase13\ST-Transformer-lite_h6_seed3407.parquet","5E4331AF209EC3AA4CEE78068B251372E3ED78983E171AD16AFFDE53BC75F953"
"07_PREDICTION_PARQUETS\phase13\ST-Transformer-lite_h6_seed42.parquet","811F85381807CDD24C2518C4369CBDCCAF29BFA24A630A4BC760ADEF07BBC5F9"
"07_PREDICTION_PARQUETS\phase13\TCN_h1_seed2024.parquet","9AD41D3D72EEB593CC3F483FED585CCFF1BE70E50CD279B9FC8CD8AE329AFA75"
"07_PREDICTION_PARQUETS\phase13\TCN_h1_seed2025.parquet","D5B645F602152C99F65A073E9DE19748A18BF49EDC0178C545C8BF3EF489166E"
"07_PREDICTION_PARQUETS\phase13\TCN_h1_seed2026.parquet","116ACB08C7E8EC7395818AB32F8B7EBAC09766AB5547BE39A3C4FB706FE819EC"
"07_PREDICTION_PARQUETS\phase13\TCN_h1_seed3407.parquet","E99CCFD35DBBE99CE5AB2D52CE2CB71A087959B8AD20E7E70B4D1CF5EB1CC08E"
"07_PREDICTION_PARQUETS\phase13\TCN_h1_seed42.parquet","E02C3D43C7FE541B6F237879ED94F94A8AEE96FB7A3A89D65EDF4913BB8D8F04"
"07_PREDICTION_PARQUETS\phase13\TCN_h3_seed2024.parquet","3AD8C8543FA80C14E68DDD732E1849E66C284A70ED281E8FBC6E307FEB9F6DE7"
"07_PREDICTION_PARQUETS\phase13\TCN_h3_seed2025.parquet","DBB54BF3CC538C3D52D26E769DB5718EEA5D48ED79D14AB45CC0CE230E24E6B4"
"07_PREDICTION_PARQUETS\phase13\TCN_h3_seed2026.parquet","621E7C7D4DED71C8069910B14DE5A49CBC67E2988218B64CFB202C22AEBCD4AE"
"07_PREDICTION_PARQUETS\phase13\TCN_h3_seed3407.parquet","5982EBAF702B969CA6EE423A5CAF5B4FEA060F0ECEEF7E92C36A2D4E105A96A2"
"07_PREDICTION_PARQUETS\phase13\TCN_h3_seed42.parquet","15B37C4A79B55295D6BBD639F3BC48DF4EE984E592170876993724E63CB0E0DA"
"07_PREDICTION_PARQUETS\phase13\TCN_h6_seed2024.parquet","B716B5B96A0C46C059D8AFCD0CBC0B08CD6FBC5527389429D74B2D6173A6B321"
"07_PREDICTION_PARQUETS\phase13\TCN_h6_seed2025.parquet","F0796FB88838AA5317B51B6176C3C912BD884048BE0550129D7C30A3BC485A05"
"07_PREDICTION_PARQUETS\phase13\TCN_h6_seed2026.parquet","9C7870918919B3F238614810B8A3774B26DC23031EC984A65BBE9912E32E6B45"
"07_PREDICTION_PARQUETS\phase13\TCN_h6_seed3407.parquet","23E06C23D65C27EBC6C9B04B7EE24E84943C980E7651B282DD16023F85FA6106"
"07_PREDICTION_PARQUETS\phase13\TCN_h6_seed42.parquet","78D11C1720CC2BF23CF976D000CF3C35AB3AE7D9B713157811A4196CD5B08706"
"07_PREDICTION_PARQUETS\phase13\XGBoost_h1_seed2024.parquet","408DF81145061AE22B126856143165EAA75B280C82A63C12AEA065C842FCD5D9"
"07_PREDICTION_PARQUETS\phase13\XGBoost_h1_seed2025.parquet","58712ABE959BA97DD6359224C6C2A7F8BBF01026A5F72C150DDB73D250A0100F"
"07_PREDICTION_PARQUETS\phase13\XGBoost_h1_seed2026.parquet","070ABA8502F3EF2364B7B4BEAF419B965DECA8364F2D4B1215974122D2B076AB"
"07_PREDICTION_PARQUETS\phase13\XGBoost_h1_seed3407.parquet","3D2EAE26C10E10FDFA3AB0C13362043BD125D61328AE25E9F4A71EDAFF9183EB"
"07_PREDICTION_PARQUETS\phase13\XGBoost_h1_seed42.parquet","250E41BE696EC17B7A703013B292B9F248046DC39E4ABE45D311A62A273F8C6B"
"07_PREDICTION_PARQUETS\phase13\XGBoost_h3_seed2024.parquet","6EB2F2A045A336674D165D0374929E627FE66C23DFC4118E3E2B7EC0C566FECA"
"07_PREDICTION_PARQUETS\phase13\XGBoost_h3_seed2025.parquet","6090B4C959F00313C185455F265CD5AED38B228732AE7AED32525D85E9CD70B2"
"07_PREDICTION_PARQUETS\phase13\XGBoost_h3_seed2026.parquet","AA30ED0EBC1EFA26A70B0562BB2008969002B1BFA639A338BEE4AF4E84DBC546"
"07_PREDICTION_PARQUETS\phase13\XGBoost_h3_seed3407.parquet","7BD12E4BDA836DD077D1FD73AAFDC5C033C535411CF86BF360655D1A295E0FE7"
"07_PREDICTION_PARQUETS\phase13\XGBoost_h3_seed42.parquet","C50932F8ADA600DC6B9F448C207843399811B530F25E1680201DFF72DDE4F7E2"
"07_PREDICTION_PARQUETS\phase13\XGBoost_h6_seed2024.parquet","87F92A6862AE9F99E7F7D72A2A92CA454A707FA72C42671F42CC351E982127B7"
"07_PREDICTION_PARQUETS\phase13\XGBoost_h6_seed2025.parquet","87B4609BE82D14D2CF4B33C4039977E265B9EE870D4AD588B42EF5AF5785ECC2"
"07_PREDICTION_PARQUETS\phase13\XGBoost_h6_seed2026.parquet","25B6D135503AF22C0A96F5168B4D44B4F0365F5CE6914246E4DDCCB7872CA98B"
"07_PREDICTION_PARQUETS\phase13\XGBoost_h6_seed3407.parquet","839128C619F59CE0B25E2A577704D5BA6542CC642710CB34BAA485B169A5996A"
"07_PREDICTION_PARQUETS\phase13\XGBoost_h6_seed42.parquet","EB37FFE254B6CD8D5291EC3F403F61CD202F4206E13D5680391AAF490FAB6249"
"07_PREDICTION_PARQUETS\phase15\full_features_h1_seed2024.parquet","DCAF0C29BBA034E05A89476F102362795D3E4A8425C799AE40F528873534DB00"
"07_PREDICTION_PARQUETS\phase15\full_features_h1_seed2025.parquet","45E8E98491D79ACB85BEDF7CD8A83B803AC061F8742470F60BCFF52248A9E6FB"
"07_PREDICTION_PARQUETS\phase15\full_features_h1_seed2026.parquet","D7D160043571DFB8EA3F0A9E912320C23FB138B1D57D3C1377852B76C763E749"
"07_PREDICTION_PARQUETS\phase15\full_features_h1_seed3407.parquet","03768A7C44EB4908B447A94EC166BC6D6D43110178959C434EB14806365ED38D"
"07_PREDICTION_PARQUETS\phase15\full_features_h1_seed42.parquet","262ADADB1ACF64A1C98DBF9C5805F94A03DB0BBCE7334892825E6FF7978038CC"
"07_PREDICTION_PARQUETS\phase15\full_features_h3_seed2024.parquet","BE0B0EE7C5AF36B955062F2235C36E3C2667FF4208C0A7EE8250676C3B6B95C1"
"07_PREDICTION_PARQUETS\phase15\full_features_h3_seed2025.parquet","DC71B5A764C12CD42A32AD6810A6F8962D962E1FF78A48F060DC8455B6A8E17F"
"07_PREDICTION_PARQUETS\phase15\full_features_h3_seed2026.parquet","219C2E3548474D2AF984098861D5584EE13172B11A40A1A0256A401E2D99D1BC"
"07_PREDICTION_PARQUETS\phase15\full_features_h3_seed3407.parquet","1F2F16F035217D1D60F1F766A9CDD8A50014C44B44FEE6A174885F20A0D18B92"
"07_PREDICTION_PARQUETS\phase15\full_features_h3_seed42.parquet","3197D62C2FEE7A229E6AB79D2386D9D7532836CCE93CE1AAEB911C6A98CFCE6D"
"07_PREDICTION_PARQUETS\phase15\full_features_h6_seed2024.parquet","A158932D56E89322AC9B4FD12F4AF1E0AD793541E590B0993538A11B36838931"
"07_PREDICTION_PARQUETS\phase15\full_features_h6_seed2025.parquet","0CED3B596B7F4BDA8B7E989C7093ED96FD2AD94B17C49DC58A2D99C0E6786148"
"07_PREDICTION_PARQUETS\phase15\full_features_h6_seed2026.parquet","EEC42E6FDE0A12BBA5961F3AAFEAFB741B014605FF979B43248DA219998013F1"
"07_PREDICTION_PARQUETS\phase15\full_features_h6_seed3407.parquet","578AA75848CA3490ABCE6B615A3BC5BF9997239057CA751CBF45984D92D7D877"
"07_PREDICTION_PARQUETS\phase15\full_features_h6_seed42.parquet","69A92D35A538998221772FCA0F8D0249BF56DE0B1BDF8A28C622AADCEA94D0E5"
"07_PREDICTION_PARQUETS\phase15\speed_only_h1_seed2024.parquet","3C10F010EA732F2327DBF80B777342D2B5330EB3A6E7CCC1646AF2C97EFAE7EC"
"07_PREDICTION_PARQUETS\phase15\speed_only_h1_seed2025.parquet","79555455D92A08DD1FCDD8D7F113F8F55BFD0AD3AE59DCB7FE89B7E1DE888291"
"07_PREDICTION_PARQUETS\phase15\speed_only_h1_seed2026.parquet","E7B3C351A5EE0B4857FAA488BF4F21636ADF6A7BE71C0AD9E4ED8CF94D2058F9"
"07_PREDICTION_PARQUETS\phase15\speed_only_h1_seed3407.parquet","FC5F841A081E715E47B3F14DD6A0697BC8552A73739F7724E8A07954853D7B5C"
"07_PREDICTION_PARQUETS\phase15\speed_only_h1_seed42.parquet","7C26FC48501023EF7B72BC47C9067992C3210282D1022B49BF47785AB15324C8"
"07_PREDICTION_PARQUETS\phase15\speed_only_h3_seed2024.parquet","337451216D4807FDCD0BBD215F7F2B1A4F9ED903FEB7FDBFF4089C60DE4C9372"
"07_PREDICTION_PARQUETS\phase15\speed_only_h3_seed2025.parquet","F68FEC8FB695E490288668E57270F49B94AFA8F57E5AA0EBB5CA8E615EED2F19"
"07_PREDICTION_PARQUETS\phase15\speed_only_h3_seed2026.parquet","797CDED33EDB01A2EAAFC41B53680BF8B4C711188873BBC56ADEBD49878EC57F"
"07_PREDICTION_PARQUETS\phase15\speed_only_h3_seed3407.parquet","7BEB5DA042ACC74BBD9BEC5642688586769BD98ECA42D6F18B6A8E05B2F1CA36"
"07_PREDICTION_PARQUETS\phase15\speed_only_h3_seed42.parquet","5C14B722A8029198FAFCB008D83977372AC3D817A5EEB62BF0E8BC492C35CE2B"
"07_PREDICTION_PARQUETS\phase15\speed_only_h6_seed2024.parquet","B9423588BA1CFCF3B7284B234509328D0292C7182EB046FFFD67D29F7922B631"
"07_PREDICTION_PARQUETS\phase15\speed_only_h6_seed2025.parquet","06B77FA1EAB1D2C3A516BB78B9D7212669F970B51608C0BBB7997FFF4754A569"
"07_PREDICTION_PARQUETS\phase15\speed_only_h6_seed2026.parquet","9079EF6374FAF25AF702904C6EA08EF67087B0E4ACEFD3D6703D0095C6258078"
"07_PREDICTION_PARQUETS\phase15\speed_only_h6_seed3407.parquet","8888A6C7768143ECA263969C3C39FC379665582F13F1DF12AEF02B15947B6D5D"
"07_PREDICTION_PARQUETS\phase15\speed_only_h6_seed42.parquet","F614C95D2ABA0AB3A40C6F0818FA654C33E6D94D7BD6B0A6986C5C608CE4731D"
"07_PREDICTION_PARQUETS\phase15\speed_reliability_h1_seed2024.parquet","2F39502F63334C8DFC255F1F2FF2BAA441F585E9FA138B1F21E0EBF3DA7536D6"
"07_PREDICTION_PARQUETS\phase15\speed_reliability_h1_seed2025.parquet","FDCB21267ADBCDC2F6DC1B63F2165B8D104325441FF960E81438513F6A949753"
"07_PREDICTION_PARQUETS\phase15\speed_reliability_h1_seed2026.parquet","AD9A2E3CE8E4AAA47DE56A43BB6B0EFF8CCF6F63405DAC51A14EA404E0D348F7"
"07_PREDICTION_PARQUETS\phase15\speed_reliability_h1_seed3407.parquet","A0F66AAC42585C0A1733618408BB2C946BF47A4714FA9891800474EEC65DA683"
"07_PREDICTION_PARQUETS\phase15\speed_reliability_h1_seed42.parquet","29F7A655477A5FD3480F58A3869F7EB2CE3AC94B9227C24837F5365B8F4EF98D"
"07_PREDICTION_PARQUETS\phase15\speed_reliability_h3_seed2024.parquet","B46D3C82B249ACDF1F6EEC3B613B49085D3649A415F4E50D736B0F7A6ED0801B"
"07_PREDICTION_PARQUETS\phase15\speed_reliability_h3_seed2025.parquet","9EBD041E91AAB2E8286CF4B8C2D3D8825140142B16C2D36DD93270209F625869"
"07_PREDICTION_PARQUETS\phase15\speed_reliability_h3_seed2026.parquet","522AD64A3A3B57D841D4C153313BF750B777A0A85414E3B49317454B1054C59F"
"07_PREDICTION_PARQUETS\phase15\speed_reliability_h3_seed3407.parquet","7552D349F7D5FA0CCE0A9E3BDD0CE103A0CCFB4051F3A709DC75960DABC4E9B2"
"07_PREDICTION_PARQUETS\phase15\speed_reliability_h3_seed42.parquet","7456D23CD78543DA6CC605B6ACEBFB20734F7C9AFBE6D1039E7A5D36DA434093"
"07_PREDICTION_PARQUETS\phase15\speed_reliability_h6_seed2024.parquet","942950521B2A0DB516764C08F6E1FAD07C93D1D30A8E8C34AF38D155A8234A36"
"07_PREDICTION_PARQUETS\phase15\speed_reliability_h6_seed2025.parquet","030B821FDB6A9C703AE2E1D5BCCC98F9B33873AD877EBA6375B318D7FE39E033"
"07_PREDICTION_PARQUETS\phase15\speed_reliability_h6_seed2026.parquet","A6AF747D736692F202221BAB08FF0F673E93CE8AC0F78E3847132F7A0C5689F8"
"07_PREDICTION_PARQUETS\phase15\speed_reliability_h6_seed3407.parquet","39E8814CFE85DE4A199981D7B590E09D3ECD8C4CEFC13D89B1C9E0E64E19E5BE"
"07_PREDICTION_PARQUETS\phase15\speed_reliability_h6_seed42.parquet","3EB097D3DC7F88CE2A067445B497054B3BD5948618793095D567FA46A1E9DB0E"
"07_PREDICTION_PARQUETS\phase15\speed_time_h1_seed2024.parquet","2FC30FE2AB12F4FDDBC6E58087FBC67267193C4834080D89F019EF2F41E3A276"
"07_PREDICTION_PARQUETS\phase15\speed_time_h1_seed2025.parquet","8FA47B4050E908615B52A0EF4B7BCD4D843E09468B5DF17FF940D4ECDF3FCAC8"
"07_PREDICTION_PARQUETS\phase15\speed_time_h1_seed2026.parquet","795EEE2AECDF95FA4BA0A38D8411BA6024F2B02F8E1AC51B7EDE26F45CC1D80A"
"07_PREDICTION_PARQUETS\phase15\speed_time_h1_seed3407.parquet","F34ECA6A37D905CF570814120683D290FF26A75AB3BDB57799B651863239716E"
"07_PREDICTION_PARQUETS\phase15\speed_time_h1_seed42.parquet","B1A326B843B97629CCF60F6DAC1B7F186AC7598ADC4FE453B68DDC1EB46FCDF3"
"07_PREDICTION_PARQUETS\phase15\speed_time_h3_seed2024.parquet","E212279F6F7291DDBBE9CAEF2FBE1EB3D715B142E367BBAD4CF8DD0BBD9F4E88"
"07_PREDICTION_PARQUETS\phase15\speed_time_h3_seed2025.parquet","714F4FE2B295AE5F6514F35F5DB4B6CFD887D21A7106D4E9DE20B02769FA3A2F"
"07_PREDICTION_PARQUETS\phase15\speed_time_h3_seed2026.parquet","04A9FC98230FC32E3AC1617EDDF4AEF049B131066A53CD118430661AB987A88E"
"07_PREDICTION_PARQUETS\phase15\speed_time_h3_seed3407.parquet","C2712F2CF2B17C0950688A48BB797168E0841250D9D10E96DF5842C8862E757B"
"07_PREDICTION_PARQUETS\phase15\speed_time_h3_seed42.parquet","E1F56AD9E3AF51FF209BAF6CB9528115E40295BADC98A4845A0568611F13FCCB"
"07_PREDICTION_PARQUETS\phase15\speed_time_h6_seed2024.parquet","128E7CC3E511ADB935140C8346EBDAA9600B1E233DFE49546844B5C653ACFED7"
"07_PREDICTION_PARQUETS\phase15\speed_time_h6_seed2025.parquet","2FD62EA6C753DE824160F5E56756BC4059A830DBEB8B0F5454364BE5A2386B64"
"07_PREDICTION_PARQUETS\phase15\speed_time_h6_seed2026.parquet","5B0E4076DD0516F8A90F63799C3766B27E7237877D8411A623DDF094603F23C7"
"07_PREDICTION_PARQUETS\phase15\speed_time_h6_seed3407.parquet","4B510F5FD80442BAAC7BB71D7D39F14D319A1DD11BF216FA9E4BE4DA6D5354FB"
"07_PREDICTION_PARQUETS\phase15\speed_time_h6_seed42.parquet","BAAA6143CDC52FE3E4BA6CA5A44018EAFB82CF16301C5C75C80AE6BD0D863CA4"
"07_PREDICTION_PARQUETS\phase15\speed_volatility_h1_seed2024.parquet","11F1578AB2AA569A2FD750086CD7BD7DA89121DD05F22DE71EBA7DF5F3E44A5E"
"07_PREDICTION_PARQUETS\phase15\speed_volatility_h1_seed2025.parquet","A81B604DBF5A6BF66C9500A8020B171E864E64E85800D6029C8A0A85A6804DC3"
"07_PREDICTION_PARQUETS\phase15\speed_volatility_h1_seed2026.parquet","80EB885BFAB00A415DFB72087C7D3D62B54A48F1F775A61689045F8DA83147DE"
"07_PREDICTION_PARQUETS\phase15\speed_volatility_h1_seed3407.parquet","6AE15EE4997CC78207E2473305C9BE1CF6EABD25ABE8CFA1A91D00EA2527488E"
"07_PREDICTION_PARQUETS\phase15\speed_volatility_h1_seed42.parquet","B0636C4C2B752E089786CA4572225590D20E012D4D15F12A33BE4828D02EA749"
"07_PREDICTION_PARQUETS\phase15\speed_volatility_h3_seed2024.parquet","B1C5EA67997F2E703C165321287511203E55915A2BE313A4FBC00E522640CFE5"
"07_PREDICTION_PARQUETS\phase15\speed_volatility_h3_seed2025.parquet","CB625C46F51AB8929AB27BA1C1FDBB6A28C9EAFA2C5228440A529F8A5C19057B"
"07_PREDICTION_PARQUETS\phase15\speed_volatility_h3_seed2026.parquet","92F4E696B06CE6BD7F219D76AF24521483501262BD4B0ABF855EFC16CF7A0AC6"
"07_PREDICTION_PARQUETS\phase15\speed_volatility_h3_seed3407.parquet","DB7FFFB4C5332B3B26815B701E8A6E9F249CE3A71C4D8AA0074EE31A79BDEF37"
"07_PREDICTION_PARQUETS\phase15\speed_volatility_h3_seed42.parquet","0ADA8159860E1195115F3A19EE2ACFEE8E5525C9EE5FD613F03F1785B41B2713"
"07_PREDICTION_PARQUETS\phase15\speed_volatility_h6_seed2024.parquet","DADCE28D1D51B69BC39330BB6B678E812A8C26A4CAF5660CC903D4ECCC122314"
"07_PREDICTION_PARQUETS\phase15\speed_volatility_h6_seed2025.parquet","3A251319BFB95485B71BAFE3C8D01E9159D87F18C38F15C8047C0D7D4A3ED0EA"
"07_PREDICTION_PARQUETS\phase15\speed_volatility_h6_seed2026.parquet","EA55C7E33797CAB739AD94F656E398C1060CB0DE61F0B1603ADAA41D94800103"
"07_PREDICTION_PARQUETS\phase15\speed_volatility_h6_seed3407.parquet","6AEFB6671F3799264B104F87C68DEE2F40C01EC49585C576658A21B1797B4857"
"07_PREDICTION_PARQUETS\phase15\speed_volatility_h6_seed42.parquet","63E1FF8C2572F630BAE48A6E4731E9DA5D3C2BDF76FD8A47110698AF956D4B32"
"07_PREDICTION_PARQUETS\phase20\HA_h1_seed2024.parquet","65D8F58ED69966605F52AA04D0CE8467866B866C90D6C32E2396DA8122A69036"
"07_PREDICTION_PARQUETS\phase20\HA_h1_seed2025.parquet","A09B86D9794ADCE1CE1D32421DECF97F6241CEF13AF51C9E1EF2E1AEDEA66CB3"
"07_PREDICTION_PARQUETS\phase20\HA_h1_seed2026.parquet","54BFF4A01EB88BE436A71A8BBBF2A9C81614B8B8D0300F38F52CBAF95C4D0885"
"07_PREDICTION_PARQUETS\phase20\HA_h1_seed3407.parquet","EBDF65011CACAA94944AB0752AE485A970987FA248707420CBF0FA5500792806"
"07_PREDICTION_PARQUETS\phase20\HA_h1_seed42.parquet","F6C84103A2C8CA3ADEA449731AA33C7E42E9340E7494B93FACD43105C0E17119"
"07_PREDICTION_PARQUETS\phase20\HA_h3_seed2024.parquet","A7CCCDA5EB0169A8240E9BE33D2EB34B22C22EA6B5985CE5CD009D35C69D0AC6"
"07_PREDICTION_PARQUETS\phase20\HA_h3_seed2025.parquet","B81400FE8275DCE8371FC7C6F13119D98F417A5DFC6C307EFEAF09CB429590B9"
"07_PREDICTION_PARQUETS\phase20\HA_h3_seed2026.parquet","485F72B2A16F631D0A2717244776E753452EAE56EA2E484722AF1BC051E5E2F2"
"07_PREDICTION_PARQUETS\phase20\HA_h3_seed3407.parquet","EA03A93C5ECE32E1CA9DBB8A8B4B6BA622E8385E29E358DA5F5CCDF85149039B"
"07_PREDICTION_PARQUETS\phase20\HA_h3_seed42.parquet","162715800446D08AE392418C3851C14E8C0E1D4311F3EEA34D9D50ABC01C7D8A"
"07_PREDICTION_PARQUETS\phase20\HA_h6_seed2024.parquet","94D16A820F881C9DDA79A96C7A327AC5EFFE3D0D136D5C9EAA0F688751E1BDDC"
"07_PREDICTION_PARQUETS\phase20\HA_h6_seed2025.parquet","0E915D919B07F4299F4D2200B4AE054E3B6CC1CC7B6DF5EEFF4B43292DD3BEBC"
"07_PREDICTION_PARQUETS\phase20\HA_h6_seed2026.parquet","EDF975E186B2741AEE615A54E8AA4CB837331EA009EF944FEE2EEEEC05FE4BA4"
"07_PREDICTION_PARQUETS\phase20\HA_h6_seed3407.parquet","6FCB56BF622D79C9961AF91C9D119B0F7ECE67F5BCFDCFEB3088E4464BF2F553"
"07_PREDICTION_PARQUETS\phase20\HA_h6_seed42.parquet","1299D40CAFA41401CF30C69BE528BFA133DF76ED452AD7A477DA7C8C699C8CC0"
"07_PREDICTION_PARQUETS\phase20\Persistence_h1_seed2024.parquet","32F38D44242DF5883F513D329059BA344873ECEFE3C950155FA4B2A99EECD28D"
"07_PREDICTION_PARQUETS\phase20\Persistence_h1_seed2025.parquet","F70D49D87C87B2EC7B93D1EA2FBE0DE6A9623C1ED671B1E0E3856F85F62BEBB7"
"07_PREDICTION_PARQUETS\phase20\Persistence_h1_seed2026.parquet","88C45F45FDB1F3986C4B6A17541130F97A9226DBC20E4D80C27DB2D01FE5FE4D"
"07_PREDICTION_PARQUETS\phase20\Persistence_h1_seed3407.parquet","00A572192744329DC7DF54BE8A0271B6B530EC262ED4B33E13B184990DAE9DB0"
"07_PREDICTION_PARQUETS\phase20\Persistence_h1_seed42.parquet","CA7DE715D199D34F1F66163BE6A5CC042E33A6491C65C52D4A895D8BE44BF10C"
"07_PREDICTION_PARQUETS\phase20\Persistence_h3_seed2024.parquet","66B08101A81A31584ADB84D591CB9BF08016E91E145EFE297EBDB6DC61922E10"
"07_PREDICTION_PARQUETS\phase20\Persistence_h3_seed2025.parquet","9EF9940B1E0921C8ECF7F51AFCE333F45A05AFAEDE01D98BE3FA6D3518B3A0F7"
"07_PREDICTION_PARQUETS\phase20\Persistence_h3_seed2026.parquet","9A00F8BEB4D09ACDE4918880B7A784B9C0D3B2999AB070F635F07CD54FB617E6"
"07_PREDICTION_PARQUETS\phase20\Persistence_h3_seed3407.parquet","32D3A19FC3F45167B88CF460E707B0800C443C0A49C44253D17FB0CDD79C76B1"
"07_PREDICTION_PARQUETS\phase20\Persistence_h3_seed42.parquet","88C3B4B0C21FF2CCC792BFF5EF6D10FB6B1E70B16D86233B402FEBD64C91E2C7"
"07_PREDICTION_PARQUETS\phase20\Persistence_h6_seed2024.parquet","DA6D7B3FD471D103BB1249DFD6EA9B18657E544590D287E25B1817464C20CD75"
"07_PREDICTION_PARQUETS\phase20\Persistence_h6_seed2025.parquet","D908F7B2CEFC40BCEE78714EBFCC79522CC7B5C215CA07EABEAD7F5CEAB2A4C7"
"07_PREDICTION_PARQUETS\phase20\Persistence_h6_seed2026.parquet","5DD505294C909460F6B76A421066517B2D031F372F3BC55425CC8ABE49D34330"
"07_PREDICTION_PARQUETS\phase20\Persistence_h6_seed3407.parquet","5AD4D65A23FDCE858D70D1F9E40EAED09105FCB1D2807B5ECF90EA97B423526F"
"07_PREDICTION_PARQUETS\phase20\Persistence_h6_seed42.parquet","54DFD508BE74F4E0D2B096BDB6D3610D5E004F07DDB7EE9FD959F59FE4044E42"
"07_PREDICTION_PARQUETS\phase20\Proposed_h1_seed2024.parquet","FBA5DDDF7466EC0AB75B8105D90231B84107849F251F7F7B4E6A22B32915F7C3"
"07_PREDICTION_PARQUETS\phase20\Proposed_h1_seed2025.parquet","1BF650FEF1105EBDEB8066C0C916C54B188B5B59ED3E13811805099FC3529A26"
"07_PREDICTION_PARQUETS\phase20\Proposed_h1_seed2026.parquet","BC30E599706F7DF90E5C32114007DD4DFF62166B02A5AA31D6008AF0D2F86846"
"07_PREDICTION_PARQUETS\phase20\Proposed_h1_seed3407.parquet","2B5AB66D17902E9308D2BF184CEF4D25C9AB65C08F7001463AA58BE001D8539D"
"07_PREDICTION_PARQUETS\phase20\Proposed_h1_seed42.parquet","C4977C66E68E69E251ED51D5FAEEC5CDF49367B258FEA1C088E65D4144090A6F"
"07_PREDICTION_PARQUETS\phase20\Proposed_h3_seed2024.parquet","B3E546A7A2CE4D6538384E47EC411FA6EB24A7FF243CE225BF1B94536BFE08B4"
"07_PREDICTION_PARQUETS\phase20\Proposed_h3_seed2025.parquet","5FB7440DE82FE40709FC1582D209920279F2380D4031EBE847003AE46C1D5B15"
"07_PREDICTION_PARQUETS\phase20\Proposed_h3_seed2026.parquet","BDE5A29483456A7BA44834C4EADAB0E3C7BF8499462806D13EEA5C4238CDF92B"
"07_PREDICTION_PARQUETS\phase20\Proposed_h3_seed3407.parquet","06D9A84E83B2975DBB3AE726457A02A9DF0597B01C3B269B44A9F20EE2CF6413"
"07_PREDICTION_PARQUETS\phase20\Proposed_h3_seed42.parquet","1BACA846117105BDE37E0971EA6170E85A5C1B11AF09A3B2F41A108C3348BBC1"
"07_PREDICTION_PARQUETS\phase20\Proposed_h6_seed2024.parquet","A7EE48B887C01E8087A1327C8065359FBCF7656CEF4B13266D0E31F0F36E7242"
"07_PREDICTION_PARQUETS\phase20\Proposed_h6_seed2025.parquet","B7BF4DF20B95A8887240FCED5EDEC0630A4FCAD6040BCAAB62963A2BB227FBB7"
"07_PREDICTION_PARQUETS\phase20\Proposed_h6_seed2026.parquet","2AFEF77897A4E5EC763CE165158057098C6DBE96D526A629E262358B0B25A039"
"07_PREDICTION_PARQUETS\phase20\Proposed_h6_seed3407.parquet","450CB46486DF59D7C91781C738709AE35B4C0C77E54BD496D61D6428E0CC2C53"
"07_PREDICTION_PARQUETS\phase20\Proposed_h6_seed42.parquet","07961CB982A9221FCFD9BAB36FED996CDF99CF29A40DCBCC29E35C59CA5E1049"
"07_PREDICTION_PARQUETS\phase20\ST-Transformer-lite_h1_seed2024.parquet","66E5E0C0D26A5DDFAB5F111073827C88C55A8CCEB67605582E373CA2A923C539"
"07_PREDICTION_PARQUETS\phase20\ST-Transformer-lite_h1_seed2025.parquet","C9AE6AF9BED16D04D0857E8E0DBA04B69EA00B482882F8CA3EF77C80A536C44E"
"07_PREDICTION_PARQUETS\phase20\ST-Transformer-lite_h1_seed2026.parquet","89F1BA41983B8D9AFFDD7A6AD4F85034A553E26CA4191B3C75A1388B16CBC9EF"
"07_PREDICTION_PARQUETS\phase20\ST-Transformer-lite_h1_seed3407.parquet","88127F8F25983A8996442FEE89CBBB2B9ED8DA45C837B420CC2F954E57FA6901"
"07_PREDICTION_PARQUETS\phase20\ST-Transformer-lite_h1_seed42.parquet","5A2DEA8BCB5137C58CDA1F5387E8D67215B10AD706BE723214D7C20E9E0D9C19"
"07_PREDICTION_PARQUETS\phase20\ST-Transformer-lite_h3_seed2024.parquet","56AEE8F3DE0F2723A4DDAE080DD6F74AAE363F77D650AF2088294ACF957B69DE"
"07_PREDICTION_PARQUETS\phase20\ST-Transformer-lite_h3_seed2025.parquet","2600B30D4656B58892883425998C0942076B9A0A5945D293D190B85457B2254C"
"07_PREDICTION_PARQUETS\phase20\ST-Transformer-lite_h3_seed2026.parquet","17A6BFFB9CF8B8DE7CAE383006F359F996FF7D1F7A860981004440378AFA08DC"
"07_PREDICTION_PARQUETS\phase20\ST-Transformer-lite_h3_seed3407.parquet","943145EEC0730A54D96C9CA7FD75B4F950E03ABD5021823EA75534942D9AD69B"
"07_PREDICTION_PARQUETS\phase20\ST-Transformer-lite_h3_seed42.parquet","CFE7F1E281B033504AEC6A55427FC5724F52504700A1E46253CA4CF7EC0BAE4F"
"07_PREDICTION_PARQUETS\phase20\ST-Transformer-lite_h6_seed2024.parquet","70BCF4105B76325F9E0B8F0BF282F3520388F67BF9615B2928F306C2D27D6525"
"07_PREDICTION_PARQUETS\phase20\ST-Transformer-lite_h6_seed2025.parquet","9781998D9B651E9362676EED4144BF6F1F9A9BECBEAFF9A6151E632D4460DDF0"
"07_PREDICTION_PARQUETS\phase20\ST-Transformer-lite_h6_seed2026.parquet","24293B150412F8E050FFF3C12E7CACF757BEEE018B10DE5B67DCF9EAACFF2157"
"07_PREDICTION_PARQUETS\phase20\ST-Transformer-lite_h6_seed3407.parquet","629658B4159F50A30F47D08F1B2ED82A413058D57233B948BF5A695CF6549903"
"07_PREDICTION_PARQUETS\phase20\ST-Transformer-lite_h6_seed42.parquet","9D9420E00FB9A35DCB66DF71522D983AC8F458C0678E3FA5DBE01E0D4BBED112"
"07_PREDICTION_PARQUETS\phase20\TCN_h1_seed2024.parquet","D29F03792094346EBC0AC944AD10DA2E2B15E8B840B33CF8AFD7D8141AF3AC91"
"07_PREDICTION_PARQUETS\phase20\TCN_h1_seed2025.parquet","B500F7B76340B632E6FE38BBEB83FB02A7A03D052709CE080172FF0AADA37FA9"
"07_PREDICTION_PARQUETS\phase20\TCN_h1_seed2026.parquet","8B1550955CD6645C60710552F8E799058E19A5895B171ECCD0ED38AE8BC87C3A"
"07_PREDICTION_PARQUETS\phase20\TCN_h1_seed3407.parquet","574BE7AE2311A3BB84E6E2777F5504C61BF195D0AC6A909A7524D6DC444B0194"
"07_PREDICTION_PARQUETS\phase20\TCN_h1_seed42.parquet","876CB09370EF945D67B3BBE907AE1F299A06118096D9F2EBA6C8C711575AA765"
"07_PREDICTION_PARQUETS\phase20\TCN_h3_seed2024.parquet","FD7FCAC64A5F116E313C3ABDCC4A87F0319B5DB058F4C724D14AD66732E30001"
"07_PREDICTION_PARQUETS\phase20\TCN_h3_seed2025.parquet","358EBABA3A4C0E50DDB6982B18230D8343E3A78F1E629607B4787E22BF62E393"
"07_PREDICTION_PARQUETS\phase20\TCN_h3_seed2026.parquet","5542B219DCF5A4693C3EA6CE0725D0B0413F392D27B6FCD3C9E06FE90A19D6F4"
"07_PREDICTION_PARQUETS\phase20\TCN_h3_seed3407.parquet","BFFF803114D7DCD87AA564F0B950D6D1F54A53B8DE13ACF8A0028B41C3038EF1"
"07_PREDICTION_PARQUETS\phase20\TCN_h3_seed42.parquet","D707823DC276D16104807F5CF73E0DE55A621B0D1999675008D900A1E310DD36"
"07_PREDICTION_PARQUETS\phase20\TCN_h6_seed2024.parquet","B3FB414B3599582B1FCC4617D45E3C1DC7B054D9F6570FE1F9478CC719FA32E3"
"07_PREDICTION_PARQUETS\phase20\TCN_h6_seed2025.parquet","5510753E91EB2408AC0E97AF796DCDDAFE572DD7CDF1A6802AE4629E646F4508"
"07_PREDICTION_PARQUETS\phase20\TCN_h6_seed2026.parquet","6FB93C7FAA9CA1D24B67D0BFD3466B1CF756564CA4B2C219B680D0BCD556C7AB"
"07_PREDICTION_PARQUETS\phase20\TCN_h6_seed3407.parquet","21790F35E901251FA335211A3FC4B650CEFBA62909ACE6CB9C64E475237EF18A"
"07_PREDICTION_PARQUETS\phase20\TCN_h6_seed42.parquet","5B7F40C10AF74814084BF553A33234191147732D9B3F15B11434117E4A8F2C98"
"08_STATISTICAL_TESTS\phase14_feature_ablation_statistical_tests.csv","298C455135DCF5155707740D0657A258D48AFDA77FEE131A6227ABEDF4D1DDAF"
"08_STATISTICAL_TESTS\phase14_final_effect_size_summary.csv","372150CB2714E078552CE8B6D915E465AEB6E6A15169940A20840EC11F906C4E"
"08_STATISTICAL_TESTS\phase14_final_mean_std_summary.csv","0ACBD7867304A5D1C31CD6DCEBB86A3736A97512CCD46490A131A1AF9B51510B"
"08_STATISTICAL_TESTS\phase14_main_model_statistical_tests.csv","C1BCB6F83081C1C072F19523C90CC5532E1B844D2D0C7F82F0AFD3BC5BA513A3"
"08_STATISTICAL_TESTS\phase14_robustness_statistical_tests.csv","15E62D03FFF1C2FB932B00C775FC1EBBF75A1E4BA4AAEB4F7F98A8547572F25A"
"08_STATISTICAL_TESTS\phase14_stratified_statistical_tests.csv","9AB89DF5B92D5FE81715DD65312B7BA85500222E92D58B13FD81F9F91A40432F"
"08_STATISTICAL_TESTS\statistical_test_inventory.csv","40EA34CC50C5A1EBB4659A299F09D6ABC5FD25B4AD7DE3867BBB15BF0BA2AD37"
"08_STATISTICAL_TESTS\statistical_test_readiness_report.md","E02EABBF006F16390F68B0CBF03D5A2A54AD1B0EB3DBE66F26811A3E74C41F1D"
"08_STATISTICAL_TESTS\statistical_test_summary.csv","109D7B5B69331A4B1244D8952366D691D298B8AEB4AA2791B9D14D6A04524B52"
"08_STATISTICAL_TESTS\table3_corrected_pvalue_and_effect_size_check.csv","363437BCCD3EE7317ADD9080F3A42084BBFE6AB0FBB11A3E437EB2D3680B302A"
"09_SUPPLEMENTARY_DATA\metr_la_mini_summary.csv","3B4E8F05381A54DCB064279EAF0FB64913F25E7919E694BFC1809A814207095D"
"09_SUPPLEMENTARY_DATA\metr_la_mini_warning_notes.md","A8B7C995B5FC0AE479FA886B0A828A37F80F109BF600D79CDE385F283B968265"
"09_SUPPLEMENTARY_DATA\supplementary_file_inventory.csv","27B2D2BE1D66978D1DDEDE29DC56B9A5DCD38A312211E1B82195BD7C48064924"
"09_SUPPLEMENTARY_DATA\supplementary_usage_notes.md","28FA4FD239042B321ACCCBC877D3CF36319B74CE2BCF9807E3754AEF6FFFF149"
"09_SUPPLEMENTARY_DATA\metr_la_mini\FigS1_metr_la_mini_sanity.csv","E3C25B701187D0C278256C11D2116E5690F13D8E53A4D68760C895E01B980BEE"
"09_SUPPLEMENTARY_DATA\metr_la_mini\phase20_metr_la_mini_sanity_report.md","B7409F54B12CF59A17551584B8BB6102A79EA72248D320A33A52A0CA0FDA0BCF"
"09_SUPPLEMENTARY_DATA\metr_la_mini\phase20_metr_la_mini_validation_report.md","CBF64D4659DD23D1AE33C897C11320B014B3E81FFFA060300E7878E82CAB6430"
"09_SUPPLEMENTARY_DATA\metr_la_mini\TableS1_metr_la_mini_results.csv","0266FA9E7846AC41A099C983CAB96998109D77F92697050A8D3A5005DFB7EC35"
"10_CONFIGS_ENVIRONMENT_LOGS\config_inventory.csv","7EB70257593DA06F682A3DDDA54A9D260D4FC514F645237F5CA74B08F8DA61A6"
"10_CONFIGS_ENVIRONMENT_LOGS\environment_inventory.csv","B2F6344AAE99E98E1051F9A3E1CE0D5AE22F0CD63AD6886B6D07C4367AE30668"
"10_CONFIGS_ENVIRONMENT_LOGS\log_inventory.csv","52BC7E0C072AFA8E54B75A08ADBBD9E51157FD848F57B903A650F82C6096F335"
"10_CONFIGS_ENVIRONMENT_LOGS\reproducibility_notes.md","E9E1A55A63578321F1B3FA598707A73F4BF419637381D6131F3A109C4F0D4990"
"10_CONFIGS_ENVIRONMENT_LOGS\validation_report_inventory.csv","7EB70257593DA06F682A3DDDA54A9D260D4FC514F645237F5CA74B08F8DA61A6"
"10_CONFIGS_ENVIRONMENT_LOGS\configs\phase10_public_benchmark_sanity.yaml","EAFCC1997B6914A817ACC83FD32C37C8A6B5010CF7B350AEF274FA5663631D07"
"10_CONFIGS_ENVIRONMENT_LOGS\configs\phase13_strong_baselines.yaml","1E0C21E899D847F32BE86F4B23B27B54E6FDDF90A19C6B84A34B9FE2058D8353"
"10_CONFIGS_ENVIRONMENT_LOGS\configs\phase14_final_statistical_tests.yaml","4AF7210DDCDD29F3329E5B32184C095AD3281F78D4CF576A8958A222D7CD01FA"
"10_CONFIGS_ENVIRONMENT_LOGS\configs\phase15_feature_ablation.yaml","26AF76169862FC7DEC9DBE9146A2A39F74FF7AA9F4E8FEA2B384A7405A7508BB"
"10_CONFIGS_ENVIRONMENT_LOGS\configs\phase16_robustness.yaml","EAA3FCBAEF80DAA36CB2782192557681656C80FDC907DB20CC85C55F3126E5D6"
"10_CONFIGS_ENVIRONMENT_LOGS\configs\phase17_stratified_evaluation.yaml","A61026AB66E882AA31D5895DB347E8AEAEED7BBBA2DF3D61D05DFD4ED1575F20"
"10_CONFIGS_ENVIRONMENT_LOGS\configs\phase1_data_audit.yaml","787A0AE794E26EE7B439AE752DD7AEEC02DB89ED0497FBC402A1076685D8FA54"
"10_CONFIGS_ENVIRONMENT_LOGS\configs\phase20_metr_la_mini_sanity.yaml","32DDABF269A10BD45147A6477993E1BFE0E49A0B911385EDDD2C647A03F4E049"
"10_CONFIGS_ENVIRONMENT_LOGS\configs\phase2_window_construction.yaml","A9C2561ED0141AB6971DE82A23E7AFFF219733C8EC296F547F521991F4A5441A"
"10_CONFIGS_ENVIRONMENT_LOGS\configs\phase3_baselines.yaml","CB619FD46555DABB10879D3DF31E88DD401548DAC5D1C279F57703237EC532DA"
"10_CONFIGS_ENVIRONMENT_LOGS\configs\phase4_deep_smoke_test.yaml","7D8BCA5F770F2B71DBFAE6D00A559CB44621E8037BF5EFDD2C9EF8817E206499"
"10_CONFIGS_ENVIRONMENT_LOGS\configs\phase5_controlled_deep_training.yaml","15829C4DDA1721EFD7D774FBE67014EA43530FA8A99609D038558A5E02A13C3C"
"10_CONFIGS_ENVIRONMENT_LOGS\configs\phase6_reliability_ablation.yaml","69AC167AAC2358FC7372690C90F596289BCB1C5EF0F39C7A7F7CEAB84770DF59"
"10_CONFIGS_ENVIRONMENT_LOGS\configs\phase7_history_sensitivity.yaml","1D3F5A53F2DEC8515718CC40E00FC251DD471419986122C19344EFEDFA41115D"
"10_CONFIGS_ENVIRONMENT_LOGS\configs\phase8_robustness_diagnosis.yaml","9EA68F36C351C1E6F55224B13C87DC70270F7F787261625389A92DCFE1A50A78"
"10_CONFIGS_ENVIRONMENT_LOGS\configs\phase8_small_sample_training.yaml","61EFF6D46FE364083151B396D9CC0CF50626456DCF9E3515878225562E90E02B"
"10_CONFIGS_ENVIRONMENT_LOGS\configs\phase9b_five_seed_extension.yaml","523D3DF21C13034F9FBCCFC4C5E5C0C9D9D4BD59ED663B79BE01A27C0660CAA2"
"10_CONFIGS_ENVIRONMENT_LOGS\configs\phase9_repeated_seed_stability.yaml","89CB09F9A1FB3CC68658BDD2F6141702B852DB386DBA18B593F52798691E2F13"
"10_CONFIGS_ENVIRONMENT_LOGS\logs\phase10_public_benchmark_sanity.log","CE2188F06F90DC1A118D6E54D40704E2B942AA5AB58DEE65F345FD1457852F61"
"10_CONFIGS_ENVIRONMENT_LOGS\logs\phase10_public_benchmark_sanity_console.log","F1593D310C2509E6000B376AD7B844A348891B73078F648A4425740A11C1193B"
"10_CONFIGS_ENVIRONMENT_LOGS\logs\phase12a_prepare_plot_data.log","038EBFD270FFCB9ED34C8D451BC470CB513F81D53404887D29730947BBDB3797"
"10_CONFIGS_ENVIRONMENT_LOGS\logs\phase12a_prepare_plot_data_console.log","A7DD3678D67DF3CF060F6C2F539E67401119720EDDBE3B4745C0579ADE7A9B1C"
"10_CONFIGS_ENVIRONMENT_LOGS\logs\phase13_strong_baselines_full.log","E76EEF3632173C33387DD3293987E87349D2B3A2544453C81706D20B9A462A8C"
"10_CONFIGS_ENVIRONMENT_LOGS\logs\phase13_strong_baselines_full_console.log","C5B3327DC8F0757DF934A35BFE4CAA28ADD516157A50813F901E675484E07153"
"10_CONFIGS_ENVIRONMENT_LOGS\logs\phase13_strong_baselines_smoke.log","B6E6528CD07A4CEE4C77B7EFC43A0A67A1F850D31C02B910EABEA8EDDCBF470C"
"10_CONFIGS_ENVIRONMENT_LOGS\logs\phase13_strong_baselines_smoke_console.log","993044D647EA7016F3614BDEF22DF85AFE91C650A572A33A1279C0C05804E291"
"10_CONFIGS_ENVIRONMENT_LOGS\logs\phase15_feature_ablation_full.log","179EA118DDA16AF54706DB6FE5B18BB2D1D5C210571D89BFFC83E8DBCB51CA63"
"10_CONFIGS_ENVIRONMENT_LOGS\logs\phase15_feature_ablation_full_console.log","81CCA763840AF793C8E50417279F7B79D6482EAFF38F4818C834F6162B7F2084"
"10_CONFIGS_ENVIRONMENT_LOGS\logs\phase15_feature_ablation_smoke.log","4A9C2AFAB33958B8AC692BE7F2C3A1C6A5F70FD569FFB7C9CCB1982780DE1980"
"10_CONFIGS_ENVIRONMENT_LOGS\logs\phase15_feature_ablation_smoke_console.log","A653191FAA3EB266EC74BD86AF286177A71102E80EB1B5D3D8E37F816F64A2B1"
"10_CONFIGS_ENVIRONMENT_LOGS\logs\phase16_robustness_full.log","87794BF88CF4F7FCD9801EBFCF8150562AAA01BA26D2CE6F4934CAFC4021689B"
"10_CONFIGS_ENVIRONMENT_LOGS\logs\phase16_robustness_full_console.log","061BCD8215AAC21146B6E379505DBF06B6EB39921E46C75CEA4CDB55E18675C0"
"10_CONFIGS_ENVIRONMENT_LOGS\logs\phase16_robustness_smoke.log","46181FC67AD85311E02C3C887D48AC6180D831B6062EA55A966D45E2477E86DC"
"10_CONFIGS_ENVIRONMENT_LOGS\logs\phase16_robustness_smoke_console.log","7753BDD44E1181D9E2F90024AB39CF4AC9C848612C33A73E5BE38ADD57C8A120"
"10_CONFIGS_ENVIRONMENT_LOGS\logs\phase17_stratified_evaluation.log","594AD0E6A078704F6119B2EDF524424316519418963F75DC00237D708C3EB48D"
"10_CONFIGS_ENVIRONMENT_LOGS\logs\phase1_data_audit.log","579F448A210A20F25D55880103F80D46D73D29405F3566D813ACAAFE0D5D00B9"
"10_CONFIGS_ENVIRONMENT_LOGS\logs\phase20_metr_la_mini_sanity_full.log","3D25DCF1EAAE27B6BBBBDD55BEFEBFFFFEAE4BEE383F95A86099212E3641B0FF"
"10_CONFIGS_ENVIRONMENT_LOGS\logs\phase20_metr_la_mini_sanity_smoke.log","B93DC1235AD2E8DB5C98486A7151C0EAF91CB156F96AE49EB7AC433482C71DBA"
"10_CONFIGS_ENVIRONMENT_LOGS\logs\phase2_window_construction.log","5A9FA2B3F368CF06EA158CAEB5A34D9804FABE59C6BE5A56111C4CF34ADA5E55"
"10_CONFIGS_ENVIRONMENT_LOGS\logs\phase3_baseline.log","3702036F048A61BB3E4F1C11D07C2C834365E1EE9727EB835602951354D24E85"
"10_CONFIGS_ENVIRONMENT_LOGS\logs\phase3_baseline_console.log","3702036F048A61BB3E4F1C11D07C2C834365E1EE9727EB835602951354D24E85"
"10_CONFIGS_ENVIRONMENT_LOGS\logs\phase4_deep_smoke_test.log","822F4BC03B99F4FEFAA54406E6AFF68594B61B4EED2B967CF90A9A2B6585E961"
"10_CONFIGS_ENVIRONMENT_LOGS\logs\phase4_deep_smoke_test_console.log","A84A381923B53E9628C3B35A36CAF91902B1B82895C68135CE319B86E2A9315F"
"10_CONFIGS_ENVIRONMENT_LOGS\logs\phase5_controlled_deep_training.log","FC69D9517375E91194B5C9E4AB65CA7AAB11058BF4CAF0B1B2679937F5104EEE"
"10_CONFIGS_ENVIRONMENT_LOGS\logs\phase5_controlled_deep_training_console.log","7AD5B329D0A1D45BACE625F93E7F759A4365C34773587B3ED8ADD94EE05E84F4"
"10_CONFIGS_ENVIRONMENT_LOGS\logs\phase6_reliability_ablation.log","FBB59DA650149E24F0117DF8FD3168D280C17F1080DB1EA68B3839060B4B642C"
"10_CONFIGS_ENVIRONMENT_LOGS\logs\phase6_reliability_ablation_console.log","3AFF0BE730EC431F5A7BE6F4AF9ABCD465A086B8C99FCF0E4A69AF1851CB9265"
"10_CONFIGS_ENVIRONMENT_LOGS\logs\phase7_history_sensitivity.log","026628D9B7C76B81B7F131DA7DF58B427A4E49EC8A96CDCDDCA1B1621CBA3BFF"
"10_CONFIGS_ENVIRONMENT_LOGS\logs\phase7_history_sensitivity_console.log","A1D39BE93115B89C080CA8A023EE70BFA212B629D8C0B7E9DF86AAE305390CD7"
"10_CONFIGS_ENVIRONMENT_LOGS\logs\phase8_robustness_diagnosis.log","F329D0C74559538ED782540E4C8F7903BC4AD07D10C4B11D8E266D25E2551EF9"
"10_CONFIGS_ENVIRONMENT_LOGS\logs\phase8_robustness_diagnosis_console.log","227D90379C63186C7C7622A071A8D806365A506E367D7160066F0ABE1B65DF0E"
"10_CONFIGS_ENVIRONMENT_LOGS\logs\phase8_small_sample_training.log","9214CACE0374D5FC19F2395723A98E2667AB7B3606B47D541BF8E7AFB7ED454E"
"10_CONFIGS_ENVIRONMENT_LOGS\logs\phase8_small_sample_training_20260625_164122.log","7EA97C8C3D6AFE28DA7E6914DBCA262AB755013F1EEE4CB1808CDB3E3E5EC903"
"10_CONFIGS_ENVIRONMENT_LOGS\logs\phase9b_five_seed_extension.log","7316FA8A68F1D097A46E77D8E30473927C1B102575B46FA318258B1E32B7F48C"
"10_CONFIGS_ENVIRONMENT_LOGS\logs\phase9b_five_seed_extension_console.log","9A12AE37EA10107ED07ED9E7465C471DB2A95E0ABB2653740F5CDD8E6999B320"
"10_CONFIGS_ENVIRONMENT_LOGS\logs\phase9_repeated_seed_stability.log","9124EEB1F97FD7A4A2B9501449B5A9AEC9CC6204DE7011E95027EC16637B937B"
"10_CONFIGS_ENVIRONMENT_LOGS\logs\phase9_repeated_seed_stability_console.log","392408A24B78CCDEFD629D8D22BACD605893E2D45345AE62DB563FB015B90B3E"
"10_CONFIGS_ENVIRONMENT_LOGS\reports\applied_intelligence_7fig4table_readiness_report.md","811792F84A4AD01CE362BD88E48A3C02A225601A897697737223AD5048F97EC5"
"10_CONFIGS_ENVIRONMENT_LOGS\reports\experiment_master_summary.md","29BC6C4C9F6ACB49FC6E15C3AC7B8D0B3A1BD61E004EF0A9B98D7328C45D2D14"
"10_CONFIGS_ENVIRONMENT_LOGS\reports\figure7_recalculation_audit_report.md","39E296265736082C0F6CD5471786D5081AFABC11FA0B026774CEF24AD4B34506"
"10_CONFIGS_ENVIRONMENT_LOGS\reports\final_figure_plan.md","1CBB0132E371554730E7667C2A77BDD9076C9A5ED10F67BDC32A3B195AEF5BDF"
"10_CONFIGS_ENVIRONMENT_LOGS\reports\final_results_section_outline.md","8938CFFD2BF205BB9666A47CED604F34F4EF585E22751DA60F7765AFEB9C90B3"
"10_CONFIGS_ENVIRONMENT_LOGS\reports\phase10_benchmark_data_preparation_report.md","34956D5C6F524E7C8C141EA68236BF45A1E560CCA94031B57300B86DB5B98087"
"10_CONFIGS_ENVIRONMENT_LOGS\reports\phase10_public_benchmark_sanity_report.md","6AA25FD9EF87F9C3C74D9F47C026F70A4619CC29699ACECF2D7F7957CE196433"
"10_CONFIGS_ENVIRONMENT_LOGS\reports\phase12a_plot_data_preparation_report.md","2D7337EF483B402D41158FE3B921BCB3B0316646DDFBC5B7259FDF87ABFE5A0B"
"10_CONFIGS_ENVIRONMENT_LOGS\reports\phase13A_full_validation_report.md","A646B3B1A02BDA64554C0AA10E8BD40EE6C8C1C0EB8F9D0D928344AACD58DADA"
"10_CONFIGS_ENVIRONMENT_LOGS\reports\phase13_experiment_gap_audit.md","2675E30A659136D11E254FCC702EA29B623F085C5661CC0E7A6EC8386565A9DE"
"10_CONFIGS_ENVIRONMENT_LOGS\reports\phase13_full_validation_report.md","8FCEAE170E61002BE8E750077CE1EAB55349F12F571A59283432BF1D22CBCF13"
"10_CONFIGS_ENVIRONMENT_LOGS\reports\phase14_final_statistical_tests_report.md","5DDF909DD08F13F5A72248FEF2DE68E1703A300CCC541E3804D50FA8A48A0C89"
"10_CONFIGS_ENVIRONMENT_LOGS\reports\phase14_validation_report.md","79A6CA717DA964171A617A79FBF5999959CF414CC2B77CE94C47DEA900BB5AB9"
"10_CONFIGS_ENVIRONMENT_LOGS\reports\phase15_feature_ablation_report.md","8B1B8A2325DFC00078867BED882672E8E5B3F58BA4E31A185CB2E81570499266"
"10_CONFIGS_ENVIRONMENT_LOGS\reports\phase15_validation_report.md","FDA74592AAAAB7732EC48B97FF205866D225A45BAB9170566929056D419A413F"
"10_CONFIGS_ENVIRONMENT_LOGS\reports\phase16_robustness_report.md","5D642324D03CA3EA21C9B432627EB1B42850FBA7335A554961DC62203954922B"
"10_CONFIGS_ENVIRONMENT_LOGS\reports\phase16_validation_report.md","40A1970126A8680885ED57AC719ADE38FD95E4556A3E40C15FD7D58FC2A82BF8"
"10_CONFIGS_ENVIRONMENT_LOGS\reports\phase17_stratified_evaluation_report.md","E32132EB6890C86E3EA2D999A78D2C9906B7D80F698BB243E1556F138D12F1F6"
"10_CONFIGS_ENVIRONMENT_LOGS\reports\phase17_validation_report.md","47DBAEC3A2A3456B9E62C52F1A17A7835100ECF728351F9380E89B079F1BAEA6"
"10_CONFIGS_ENVIRONMENT_LOGS\reports\phase18_figure_table_consistency_audit.md","86D5345DA03A4ED4BE3757C42D8095701D3EF2FE2A1377A6C65BACB5F53FFBF0"
"10_CONFIGS_ENVIRONMENT_LOGS\reports\phase19_manuscript_package_report.md","5733A4E16591E795FF1E71552FCCC0391F966925BB548C441FCAB17EB1B4428A"
"10_CONFIGS_ENVIRONMENT_LOGS\reports\phase1_data_audit_report.md","6ACEF29861385A964C776A076AE08E229FE66294B15F7E3CDD0A914584DA327C"
"10_CONFIGS_ENVIRONMENT_LOGS\reports\phase20_metr_la_mini_sanity_report.md","B7409F54B12CF59A17551584B8BB6102A79EA72248D320A33A52A0CA0FDA0BCF"
"10_CONFIGS_ENVIRONMENT_LOGS\reports\phase20_metr_la_mini_validation_report.md","CBF64D4659DD23D1AE33C897C11320B014B3E81FFFA060300E7878E82CAB6430"
"10_CONFIGS_ENVIRONMENT_LOGS\reports\phase2_window_construction_report.md","A7688DCC68B97D1DB82ECAFA9D5E63284A9285AA3D4D5C0B44A9106DC664BC49"
"10_CONFIGS_ENVIRONMENT_LOGS\reports\phase3_baseline_report.md","EDFDC2E393A8D38A4616E004D51D89971F00038DCC8AE31707904BA799D10834"
"10_CONFIGS_ENVIRONMENT_LOGS\reports\phase4_deep_smoke_test_report.md","39C321ADEED64E359092AEB538B2B6FC579365156A255FF97B2E41B792A087F8"
"10_CONFIGS_ENVIRONMENT_LOGS\reports\phase5_controlled_deep_training_report.md","CEAD3465553D1B60E898D0D942BFA39E35FFB530605647263B6458E6321E774E"
"10_CONFIGS_ENVIRONMENT_LOGS\reports\phase6_reliability_ablation_report.md","307C8BA5861BAA7296FE22ED944D4E158791A10D88595291A8F2E4EF72E4FD92"
"10_CONFIGS_ENVIRONMENT_LOGS\reports\phase7_history_sensitivity_report.md","9C4509ED9A02D7D5A983223A75E8B672F9D3AE5537E8740ECDCAA800B34E4331"
"10_CONFIGS_ENVIRONMENT_LOGS\reports\phase8_robustness_diagnosis_report.md","7623CB5B3AF2704095523AEB1D7CEA9AAF45704C716B635D4A97CAF8ECF81322"
"10_CONFIGS_ENVIRONMENT_LOGS\reports\phase8_small_sample_training_report.md","66897CA4945EB316A02E8EBF1A994BE1428431FB697C2832ECE86B7BFAAE1C2B"
"10_CONFIGS_ENVIRONMENT_LOGS\reports\phase9b_five_seed_extension_report.md","6CC42A87FA10E63A3E8012608A4A7921AC96EF8874AFD6A3FB1DF29FA446C489"
"10_CONFIGS_ENVIRONMENT_LOGS\reports\phase9_repeated_seed_stability_report.md","5EFA74678019C0DE32B1E8C15F617189543865E03B465E1E54C2545E2BE73178"
"11_GITHUB_ZENODO_METADATA\CHECKSUMS_SHA256.csv","1E4DE0F74C0FFD85CFCFC326D47BE0EF3D3ED386956D2ECE1069A8871A26960A"
"11_GITHUB_ZENODO_METADATA\DATA_AVAILABILITY_STATEMENT.txt","6F2FEF476424271545BD726D6F5ED6B922090350A65967A48A03D5974F97F2FC"
"11_GITHUB_ZENODO_METADATA\DATA_DICTIONARY.md","4D6EB32B8F44E739B45134861BC3CBD6162803F2B51B87DAA280375B5F0BC274"
"11_GITHUB_ZENODO_METADATA\FILE_MANIFEST.csv","A1361AD4CE0A2F511F37665F2DD141483140B3C657557626F8AEC26489EE3099"
"11_GITHUB_ZENODO_METADATA\GITHUB_UPLOAD_CHECKLIST.md","929A042EB1D0A4C2BBF98A404AAE91C50BE85025F1E7EF4D9181E7E8E268CF7C"
"11_GITHUB_ZENODO_METADATA\LICENSE_NOTE.txt","F6240798F048AD52F46B5BDC192361813F98B2B7D0B13B3BDF46435D9B47BEFA"
"11_GITHUB_ZENODO_METADATA\README.md","6D3E65A065A38123C8A7FD132D7F623A9ADBF0EBE7467B34DE677E6F57628F94"
"11_GITHUB_ZENODO_METADATA\REPRODUCIBILITY.md","45B36D2C6AF2E734C405842E0BAA008FC37C3AE68FCB3A6685FC51AF6159382D"
"11_GITHUB_ZENODO_METADATA\ZENODO_RELEASE_NOTES_DRAFT.md","CAB03B20ADA46CE7D90B6B102068B4284BE3E65E05C1F21E33D1FE2ED2A8C161"
"12_AUDIT_REPORTS\audit_checksums_sha256.csv","1E4DE0F74C0FFD85CFCFC326D47BE0EF3D3ED386956D2ECE1069A8871A26960A"
"12_AUDIT_REPORTS\audit_duplicate_files.csv","2F51B2784D6A5C7CFBE3D7E05CFF75910E1C2DB999C7524D0A9E19E13B67BE62"
"12_AUDIT_REPORTS\audit_figure_table_data_matrix.csv","06D933944B9B8E7B8766B529BA857A26253EEF6072F8A5843EFDC40BFFF7299F"
"12_AUDIT_REPORTS\audit_file_manifest.csv","A1361AD4CE0A2F511F37665F2DD141483140B3C657557626F8AEC26489EE3099"
"12_AUDIT_REPORTS\audit_metric_consistency.csv","EF9204D1BDE28FF23BABF428DEF5580C7542A15138EAC05C675BF2F48B77331B"
"12_AUDIT_REPORTS\audit_missing_files.csv","FF4C3BEDB35465A3A5873CC42457F18E92805B9921055F69A04EAC6EAFEB44A7"
"12_AUDIT_REPORTS\audit_restricted_raw_data_exclusions.csv","66067B5E8A6975B61EA332291938D843A4E5FE409D4F789B1D3411081250B7A9"
"12_AUDIT_REPORTS\audit_seed_completeness.csv","FA171A5508EF47CBA4A29B6659865EA93C890C6CDD4C7B085196F26C13E82126"
"12_AUDIT_REPORTS\critical_errors.csv","AAA5BA22EF64CEED2D73C7D4BBBC5E4977FA8880BFE3E78F4FB41C020DE60B32"
"12_AUDIT_REPORTS\figure_readiness_summary.csv","0B08B2DFFD9F1B21AAFDB2028F3A9329126260617605380C60C0C9CBDCAC347F"
"12_AUDIT_REPORTS\final_package_audit_report.md","227F22758715333B35649C047D49EFE3F1593D9DC8920F94C453D1465378908E"
"12_AUDIT_REPORTS\parquet_metric_recompute_check.csv","1A9801AA8D9A97E6FD18725AEDC7A84F4D77D481DC7A52ECE6F6D50C198DF65F"
"12_AUDIT_REPORTS\parquet_readability_check.csv","1962DA28846A045C25B9C6CF8874995832E3627760FC836F455054ADBBE72A1E"
"12_AUDIT_REPORTS\table_readiness_summary.csv","5FC7319EFD9FFE112CDEB1D903499E15D5E2AE242FE3DA42BF45DA4302C30FF7"
"12_AUDIT_REPORTS\warnings.csv","AAA5BA22EF64CEED2D73C7D4BBBC5E4977FA8880BFE3E78F4FB41C020DE60B32"
"release_archive\paper_data_package_for_gpt_review.zip","E3FB8D8022C0DA4296A5567E90AE31EEBF97D58D32FB6EA3612731117058DF44"
